five_p_cleav_1,five_p_cleav_compl_1,five_p_non_cleav_1,five_p_non_cleav_compl_1,three_p_cleav_1,three_p_cleav_compl_1,three_p_non_cleav_1,three_p_non_cleav_compl_1
UAUAGUUUUAGGGU,AUAUCAA_____UA,AGGUUGUAUAGUUU,UCUAACAUAUCAA_,GAGAUAACUAUACA,C_CUGUUGAUAUGU,ACUAUACAAUCUAC,UGAUAUGUUGGAUG
UAUAGUUUAGAAUU,AUGUCAA_______,AGGUUGUAUAGUUU,UCCGACAUGUCAA_,GAGAUAACUGUACA,__CUAUUGAUAUGU,ACUGUACAGCCUCC,UGAUAUGUUGGA_G
UAUAGUUUGGGGCU,AUAUCAAGUCCCG_,AGGUUGUAUAGUUU,UCUAACAUAUCAAG,GGGAUAACUAUACA,_____UUGAUAUGU,ACUAUACAAUCUAC,UGAUAUGUUGGAUG
UGUGGUUUCAGGGC,AUAUCAAGG_CCCG,AGGUUGUGUGGUUU,UCCAACAUAUCAAG,AAGAUAACUAUACA,U_____UGGUGUGU,ACUAUACAACCUAC,UGGUGUGUUGGAUG
UAUGGUUUAGAGUU,AUGUCAA__UU_A_,AGGUUGUAUGGUUU,UCCAACAUGUCAA_,GAGUUAACUGUACA,_U_AGUUGGUAUGU,ACUGUACAACCUUC,UGGUAUGUUGGA_G
CAUAGUUUUAGGGC,_UAUCAA___CCCG,AGGUUGCAUAGUUU,UCCAGC_UAUCAA_,GAGGUAACUAUACG,_____UUGAUA_GU,ACUAUACGACCUGC,UGAUA_GUUGGAUG
UAUAGUUGAGGAGG,AUAUCA_CUCC_C_,AGGUUGUAUAGUUG,UCCGGCAUAUCA_C,GAGAUCACUAUACG,____AGUGAUAUGU,ACUAUACGGCCUCC,UGAUAUGUUGGAGG
UAUAGUUGUGGGGU,AUAUCAAUAUCCCA,AGAUUGUAUAGUUG,UCUAACAUAUCAAU,GAGAUAACUAUACA,___UGUUGAUAUGU,ACUAUACAAUCUAU,UGAUAUGUUAGAUG
UAUAGUUUUAGGGU,AUAUCAAGGUUCUA,AGAUUGUAUAGUUU,UCUGACAUAUCAAG,GAGAUAACUAUACA,UU____UGAUAUGU,ACUAUACAGUCUAC,UGAUAUGUUAGAUG
GUUUGUGGAUUUUG,CGGACGU_______,AUAAUGGUUUGUGG,U__UACCGGACGU_,AAAGGUGCAGGCCA,_____GUGUUUGGU,GCAGGCCAUAUUGU,UGUUUGGUA__ACA
AUUGGCGUUAAGAU,UGACC_C_AUU___,GUAAAUAUUGGCGU,CA_UUAUGACC_C_,AUUAUCUCCAGUAU,_AAU_G_GGUUAUA,UCCAGUAUUAACUG,_GGUUAUAA_UG_C
CAGGUAGUGAUAUG,GUC_AUCAC_____,ACAGUGCAGGUAGU,_GU_ACGUC_AUCA,UGCAUCUACUGCAG,__GU_GAUGACGU_,UACUGCAGUGAAGG,AUGACGU_AC_UUC
CAGAUAGUGAAGUA,GUC_AUCAC__U__,CUAGUGCAGAUAGU,_AUC_CGUC_AUCA,AGCAUCUACUGCCC,__GU_GAUGACG_G,UACUGCCCUAAGUG,AUGACG_GAU_UAC
CACUACAAGAAGAA,GUGAUGU_______,UAGUUGCACUACAA,AUCAACGUGAUGU_,AUGUAGUUGUGCAA,_ACAU___CACGUU,UUGUGCAAAUCUAU,__CACGUU__GAUA
AUCCAGCUGUGUGA,U__GUCG_______,GUUUGCAUCCAGCU,CAAACGU__GUCG_,AUUCUGCUGUGCAA,_____CGACACGUU,CUGUGCAAAUCCAU,GACACGUUU_GG_A
CAUUUCAGCGUAUA,GUG____UGUAUAU,GGUUUGCAUUUCAG,CCAAACGUG____U,AUGUGGCUGUGCAA,UGCG____UACGUU,CUGUGCAAAUCCAU,__UACGUUU_GG_A
CAGGUAGUGUUUAG,GUC_AUC_______,AUAGUGCAGGUAGU,UAUUACGUC_AUC_,GUUAUCUACUGCAU,_____GAUGACGUG,UACUGCAUUAUGAG,AUGACGUGAUAUUC
AUGUUGACUGUUGA,_ACAAC_GGUA_CU,AGACUGAUGUUGAC,_CUGAC_ACAAC_G,CUCAUGGCAACACC,_AGUGUCGUUGU_G,GCAACACCAGUCGA,CGUUGU_GUCAGCU
AGCUUUAUGUCCUG,_CGAAAU_CG____,GUGGCAAGCUUUAU,UACCGU_CGAAAU_,CCAGCUAAAGCUGC,___UGAUUUCGACG,AAAGCUGCCAGUUG,UUUCGACGGU_GAC
GGGAUUUGCUUCCU,C_CUAAAC______,GGGGAUGGGAUUUG,CC_UUAC_CUAAAC,GUCACAAAUCACAU,____GUUUAG_GUA,AAUCACAUUGCCAG,UUAG_GUAG_GGUC
UAUCAGUUCUCAUU,__GGUCA_______,AGCUGAUAUCAGUU,UUGACU__GGUCA_,UACACACUGGCUCA,_____UGACU_AGU,CUGGCUCAGUUCAG,GACU_AGUCGAGUC
AACACAGUUGGUUU,_UGUGUU_____GA,AGCUGAAACACAGU,UCGGU__UGUGUU_,UGUACACUGGCUCA,ACA____GUCGAGU,CUGGCUCAGUUCAG,_GUCGAGUCA___U
GCAAUUGCUGGACG,CGUUA__GGUC___,ACUUGGGCAAUUGC,UG__C_CGUUA__G,CCCUGGGCAUUGCA,__GGUC__UAACG_,GCAUUGCACUUGUC,__UAACG_G__CAG
AUAGGCUGUGCAGG,UAUCCGG_______,UCCAGGAUAGGCUG,GG_UCUUAUCCGG_,CAAUGGGCCUAUUC,_____UCGGAUAGG,GCCUAUUCUUGGUU,CGGAUAGGA_CUAA
GAUAGGUUGUGUGC,UUGUCCGAC_C___,AUUCAGGAUAGGUU,UA__UCUUGUCCGA,UGUCCAGCCUGUUC,___GGUUGGAUAGG,GCCUGUUCUCCAUU,UGGAUAGGA__UAA
GUGAGCAGGGUCCA,CACUUGU_CU_G__,CUGCUUGUGAGCAG,GGUGA_CACUUGU_,AGUCGUGUUCACAG,_CGG_ACGAGUGUC,GUUCACAGUGGCUA,CGAGUGUCGUCGAU
UAUUGAGUUACCUU,AU_ACUCAGU____,ACAGUCUAUUGAGU,UGUUAGAU_ACUCA,ACUUUCCCACUAGA,UGA____GU_AUCU,CCACUAGAUUGUGA,_GU_AUCUGACACU
UGUUCAGAGUCAAU,ACGA_UCUU_____,UUUUGGUGUUCAGA,___ACCACGA_UCU,AAUUUUCUAGCACC,____GAGAUUGUGG,CUAGCACCAUCUGA,GAUUGUGGU___CU
CUGGAAGCUGUGAA,GACUUUCGGCAC__,CCUCGACUGGAAGC,GG__CUGACUUUCG,AGAUGGGCUUUCAG,_____UCGAAGGUC,GCUUUCAGUCGGAU,CGAAGGUCAGCCUA
CAUAGCUGUUGAAC,GUAUCG_CAA____,UGCUGGCAUAGCUG,AC_ACCGUAUCG_C,GGGAACCUGCUAUG,___UUG__CGAUAC,CUGCUAUGCCAACA,__CGAUACGGU_GU
AGUUGCAUGUUGUC,UUAACGUAC__CG_,UUACUAAGUUGCAU,G_UGAUUUAACGUA,CUCAAUGCAAUUUA,__G_UACGUUGAAU,GCAAUUUAGUGUGU,CGUUGAAUCAUACA
CAUUGCAUGUUCUG,GUAACGUAC____C,UAGUUGCAUUGCAU,A_C__UGUAACGUA,ACCCAUGCAAUGUU,UGGGUACGUUACG_,GCAAUGUUUCCACA,CGUUACG__G_UGU
CAAUGCUGUGUUUC,GUUAUGGUAU____,CGGUUGCAAUGCUG,_UCA_CGUUAUGGU,UGUAUGGUAUUGCA,__GUGUCGUAACGU,GUAUUGCACUUGUC,CGUAACGUGG_UAG
GCAUUACUUGUGUU,CGU_AUGAAUAUA_,UUUGUUGCAUUACU,G__CA_CGU_AUGA,UAUAAAGUAUUGCA,GUG_UUCAU_ACGU,GUAUUGCACUUGUC,CAU_ACGUG__UAG
CAGGUAGUGUGAUU,GUC_AUC_CA____,UUCGUGCAGGUAGU,GAGU_CGUC_AUC_,CCAACCUACUGCUG,___UGGAUGACGGC,UACUGCUGAGCUAG,AUGACGGCUUG_UC
UUGAAUUGAAAUGC,AACUUAAUU_____,UGUCUGUUGAAUUG,AUGGGCAACUUAAU,CGUUACAUUCAACG,__AGU_UAAGUUGU,AUUCAACGGGUAUU,UAAGUUGUCUGUAA
UUUUGCUUGUGUCU,__AACGAGCGC___,GCACAUUUUUGCUU,CGUGUA__AACGAG,UCUGAGCAAUCAUG,___UUCGUU__UAC,CAAUCAUGUGCAGU,GUU__UACACGUCA
UAUUGUUGUGGGGU,AUA_CAAUACCCCG,AAGUUGUAUUGUUG,UUCAACAUA_CAAU,AAGAUAACUAUACA,____GUUG_UAUGU,ACUAUACAACUUAC,UG_UAUGUUGAAUG
UCUUGUGGUGAAGU,_GAACAC_GC____,AUCCGAUCUUGUGG,U__GCU_GAACAC_,GACCGCACAAGCUC,___GUGUGUUC_AG,ACAAGCUCGCUUCU,UGUUC_AGC__AGA
ACUUGUGGUAUUAG,_GAACAC_______,AUCCGAACUUGUGG,UA_GUU_GAACAC_,GUCCGCACAAGCUU,_____GUGUUC_AG,ACAAGCUUGUAUCU,UGUUC_AGC_UAGA
UGAUGCUGUCUAUU,AC_AUGG_______,CAGUGCUGAUGCUG,GUCAUGAC_AUGG_,CUAAAGGUACAGUA,_____UCGUGUCGU,GUACAGUACUGUGA,CGUGUCGUGACACU
GUUUAGAUUUAAAU,__GAUCUG______,AUGGUGGUUUAGAU,UACCAC__GAUCUG,GAUUGUCUAGCACC,____UAGAUUGUGG,CUAGCACCAUUUGA,GAUUGUGGUA_ACU
GGCUUAGAUUUUUC,C_GA_UCUA_____,CAUGGUGGCUUAGA,_UACCAC_GA_UCU,UUGUAUCUAGCACC,____UAGAUCGUGG,CUAGCACCAUUUGA,GAUCGUGGUA_ACU
UGCCUUGUAGCAUU,ACG_AAC_U_G___,CAGUGCUGCCUUGU,GUUACGACG_AAC_,CAGGUCAAGCAGCA,__C_AGUUCGUCGU,AAGCAGCAUUGUAC,UUCGUCGUGACAU_
CUGUGGUGGCUGCU,GGCACCAC______,AGACUCCUGUGGUG,UUUG__GGCACCAC,AUGCACCACGGAUG,___GUGGUGUC__C,CACGGAUGUUUGAG,GUGUC__CAGACUC
CUGUGGUGGCUGCU,GGCACCAC______,AGACUCCUGUGGUG,UUUG__GGCACCAC,AUGCACCACGGAUG,___GUGGUGUC__C,CACGGAUGUUUGAG,GUGUC__CAGACUC
CAGGUAGCUUUUUG,GUC_AUC_AGA___,ACAGUGCAGGUAGC,UGU_ACGUC_AUC_,AGAUCUACUGCAAU,UUU_GAUGACGU_A,ACUGCAAUGUAAGC,UGACGU_ACAUUCG
AUUGGCGUAGUGAA,UAACC_CA______,GUAAAUAUUGGCGU,U__UUAUAACC_CA,UUAAACACCAAUAU,____UG_GGUUAUA,ACCAAUAUUACUGU,_GGUUAUAA__GCA
GACAGCCAGUGCUC,C_GUCGGUC_____,UGAAUUGACAGCCA,ACUUAAC_GUCGGU,CCUCUGGCUGCCAA,___GACCGAC_GUU,GCUGCCAAUUCCAU,CGAC_GUUAA_GUA
CCUGUUCAGGAGGC,G_ACA_GU_CUC__,AGACUACCUGUUCA,UCUGAUG_ACA_GU,AAUGUGUACAGUAG,__AC___UGUCAUC,UACAGUAGUCUGCA,_UGUCAUCAGAC_U
GUUAUACCUGAUGC,_AAUAUG_ACU___,GCCCGGGUUAUACC,CG_GC__AAUAUG_,CUCACGUAUAAGAC,_AGU_CAUAUU__G,UAUAAGACGAGCAA,AUAUU__GC_CG_U
GGCUUGCUGUUCCU,CCGAA_GAC__G__,GGUCUGGGCUUGCU,CCA__CCCGAA_GA,AGUCAGGAAGCCCU,_C_GUC_UUCGGG_,GAAGCCCUUACCCC,_UUCGGG__UGG_G
UCCGACUCUGAGUA,A__CUGAGAU____,AGACACUCCGACUC,UC_GUGA__CUGAG,AUAGAAGUCAGUGC,_GUC_UCAGUCAC_,GUCAGUGCACUACA,CAGUCAC__GA_GU
UCUCAGCUGUGGAA,AGGGUCGA______,CUACACUCUCAGCU,GA___GAGGGUCGA,AAGAAAGCUGGGAG,_____UCGACUCUC,GCUGGGAGAAGGCU,CGACUCUC_UCC_A
CUGGAAGCUGUAAG,GACUUUCGA_____,CCCCGACUGGAAGC,G___CUGACUUUCG,AGCUAAGCUUUCAG,_____UCGAAGGUC,GCUUUCAGUCAGAU,CGAAGGUCAG_CUA
CUCCAGUGUGGCUC,GAGGUCG_A_____,ACGUGUCUCCAGUG,_GCGCAGAGGUCG_,CGGAGGCUGGAGAC,___U_UGACCUCUG,CUGGAGACGCGGCC,GACCUCUGUGCCG_
UGUUGUUUUUAGAU,_CAACAGAAAUC__,UGAUUUUGUUGUUU,ACUAAA_CAACAGA,AAAUCGACAACAAA,UUU__UUGUUGUUU,ACAACAAAUCACAG,UGUUGUUUAGUGUC
UGUUGUUGUCUUAC,_CAACAAC______,UGAUUUUGUUGUUG,_CUAAA_CAACAAC,CGCUCAACAACAAA,____GUUGUUGUUU,ACAACAAAUCCCAG,UGUUGUUUAGG_UC
AUUUGUGUAAGGAA,UAAACAC_______,AUCCGAAUUUGUGU,UA_GCUUAAACAC_,GUGGUCACAAAUUC,_____GUGUUUAAG,ACAAAUUCGUAUCU,UGUUUAAGC_UAGA
AUUUGUGUGGUAUC,UAGACAC_U_AUA_,AACCGAAUUUGUGU,UU_GCUUAGACAC_,UAUAGUCACAGAUU,_UAU_GGUGUUUAA,CACAGAUUCGAUUC,GUGUUUAAGC_AAG
UGGUUGUUGUGAGC,ACUAACGA____UG,CUUAGCUGGUUGUU,GAA_CGACUAACGA,AAGGAAGCAAUCAG,_____UUGUUGGUC,GCAAUCAGCAAGUA,UGUUGGUCGUUC_U
GGUGAGUUUGGGAU,UCAC_CAAA_____,GCUGUCGGUGAGUU,C__CAGUCAC_CAA,UGAAAAAACCACUG,_____UUUGGUGGC,AACCACUGACCGUU,UUGGUGGCUGGCAA
GGUGAGUUUGGGCA,CUAC_CAAAC____,CCUGUCGGUGAGUU,G__CAGCUAC_CAA,UCAGGCAAACCAUC,_____GUUUGGUGG,AAACCAUCGACCGU,UUUGGUGGCUG_CA
AUUCACUGUGAACA,UAAGUGACACU___,GGUAGAAUUCACUG,CCAU__UAAGUGAC,UCAGUCAGUGAAUU,AGU__GUCACUUAA,AGUGAAUUACCGAA,UCACUUAAUGG__U
CCCGGGCGCUGCUC,G_GCCC_CG_____,ACAGGACCCGGGCG,UGUUCUG_GCCC_C,UGACCCCUCGUGUC,_C_G_GG_GC_CAG,CUCGUGUCUUGUGU,G_GC_CAGGACACA
UGUUGGGAUUGAGU,ACGGCUC_AA____,UCAUGUUGUUGGGA,AG_ACAACGGCUC_,UUGAACUCGGCAAC,___UUGGGUUGUUG,UCGGCAACAAGAAA,GGUUGUUGU_CUUU
CCUGUUCAGGACAA,G_ACA_GUCC____,AGACUACCUGUUCA,UCUGAUG_ACA_GU,CCGUUGUACAGUAG,GG__AC_UGUCAUC,UACAGUAGUCUGCA,_UGUCAUCAGAC_U
UCUGUUCAGGACUC,_GACA_GUU_____,AGACUAUCUGUUCA,UCUGAU_GACA_GU,AAAUUGUACAGUAG,___GAC_UGUCAUC,UACAGUAGUCUGCA,_UGUCAUCAGAU_U
GAGUCUGUCUCAUA,UUUAGAC_______,CCACCGGAGUCUGU,GGUG_CUUUAGAC_,CCAACCAGAUUUCA,_____GUCUGAGG_,AGAUUUCAGUGGAG,UCUGAGG_CACCUU
CACACUGCGCUGCC,GUGU_AC_CGAC__,CCACCGCACACUGC,_GUGGCGUGU_AC_,AGACCCACUGUGCG,UC_G_GU_ACACGC,ACUGUGCGUGUGAC,U_ACACGC_CAC_G
GGUGAGUUUGGAAU,CUAC_CAAA_CU__,GCUGUCGGUGAGUU,C__CAGCUAC_CAA,AAUCAAAACCAUCG,__AG_UUUGGUGGC,AACCAUCGACCGUU,UUGGUGGCUGGCAA
GCUGUGCAGAACAU,CGACAUGUC_____,ACACUUGCUGUGCA,___GGACGACAUGU,CACCUGUACAGCAG,___GACGUGUCGUU,UACAGCAGGCACAG,GUGUCGUUC___UC
GACAGACAAUAUAG,CUGUCUGUU_____,UGAAUUGACAGACA,_CUU_ACUGUCUGU,GAGUUUGUCUGUCA,____AACAGACAGU,GUCUGUCAUUUCUU,CAGACAGU_AAG__
ACUGUGAGAUGUUC,UGACACUC_ACA__,CUGGCAACUGUGAG,__CUG_UGACACUC,CAAUCCCUCACAGU,GU____GAGUGUCA,CUCACAGUGGUCUC,GAGUGUCA_CGG_G
ACCAUGUGGUUGCG,UGGUACA__AAUG_,GAUCUAACCAUGUG,CUG__UUGGUACA_,GUAAAACAUGGUUC,CGUU_UGUACCAA_,CAUGGUUCCGUCAA,GUACCAA__UAGUU
ACCAUGUGGUGGAA,UGGUACA__GC___,GAUCUAACCAUGUG,CUG__UUGGUACA_,AACGGAACAUGGUU,__GU__UGUACCAA,ACAUGGUUCUGUCA,UGUACCAA__UAGU
CAAUUCUCGAGUCU,GUUGAGAGC_CGG_,CAAACGCAAUUCUC,GU_UG_GUUGAGAG,CCGGCCGAGAGUUG,__CUGGCUCUUAAC,GAGAGUUGAGUCUG,CUCUUAAC_CA_AC
UAGAUUUCUGUGUU,AUC____GACACGG,ACAAUGUAGAUUUC,UGUUACAUC____G,AGGCAACAGCUACA,_UUG_UGUCGAUGU,CAGCUACAUUGUCU,GUCGAUGUAACA_A
AGAUCCUGUCUUUC,UC___GAC______,CAGUGUAGAUCCUG,GUCACAUC___GAC,AAUCAGCAGCUACA,___GUC___GAUGU,CAGCUACAUCUGGC,___GAUGU_GACCG
CUGAGUUGGACACU,GA______CUGUGA,GACAAGCUGAGUUG,CUGUUUGA______,GGUAGAGUGUCAGU,____CUCACAGUCG,GUGUCAGUUUGUCA,CACAGUCGAACAGU
CGUUUAGUAGAUGA,GUAAA_C_UUUGUU,UGGUUCCGUUUAGU,_CCG_GGUAAA_C_,UUGUUUCAAAAUGG,AGUAGAG_UUUGCC,CAAAAUGGUGCCCU,G_UUUGCC_UGGGA
CAUUGGAUGGAGUC,_UAAUCU__CU___,GGGCAGCAUUGGAU,UCCGUC_UAAUCU_,AGGUCUCUAAUACU,___AGAGGUUA_GA,CUAAUACUGCCUGG,GGUUA_GACGGGUC
UACAGUUUGAGGGU,AUGUCAA_____UA,AGUUUGUACAGUUU,_CGGACAUGUCAA_,GAGAUAACUGUACA,_UCUGUUGACAUGU,ACUGUACAGGCCAC,UGACAUGUUUG_UG
UGCUGUUGGUCGGG,GCG_CAAUC_GCCC,AGUUUGUGCUGUUG,UCGAACGCG_CAAU,GAGAUAACUGCGCA,_____UUG_CGUGU,ACUGCGCAAGCUAC,UG_CGUGUUUGAUG
GUUUACAUGCUACA,UAAG_GUA_GA___,AUCAUGGUUUACAU,UA_UACUAAG_GUA,CAAGAUGCGAAUCA,__UCUAC_UUUGGU,GCGAAUCAUUAUUU,C_UUUGGUA_UA_A
CUGAUUUGUGACUU,_ACUAAA_______,GGCAUGCUGAUUUG,CCGUAC_ACUAAA_,GAUUAAAAUCACAU,_____UUUAGUGU_,AAUCACAUUGCCAG,UUAGUGU_ACGGUC
GGUGAACAGUGAUU,C_ACUUGUU____G,CUGAUUGGUGAACA,GG_UGAC_ACUUGU,CGCUUUGUUCACAG,GU__GACAAGUGUU,GUUCACAGUGGCUA,CAAGUGUUAUCGAU
CUCAGCUGUAAUAC,GGGUCGGU______,CCUACACUCAGCUG,GG_UG_GGGUCGGU,GGAUUGGCUGGGAG,____GUCGACUC__,GCUGGGAGGUGGAU,CGACUC__CACCUA
GUGUUUGUGUCUAA,CGCAAAC_______,ACAAUGGUGUUUGU,U_UUACCGCAAAC_,ACUAUCAAACGCCA,_____GUUUGUGGU,AAACGCCAUUAUCA,UUUGUGGUAA_AGU
CCUUGAUUUAAAUG,GGAAUUAA______,AGCGGACCUUGAUU,_CGC__GGAAUUAA,AUACAAUUAAGGCA,____UUAGUUCC__,UUAAGGCACGCGGU,AGUUCC__GCG_CA
CCUUGAUUUAAUGU,GGAAUUAA______,AGCGGACCUUGAUU,_CGC__GGAAUUAA,AUACAAUUAAGGCA,____UUAGUUCC__,UUAAGGCACGCGGU,AGUUCC__GCG_CA
CCUUGAUUUAAUGU,GGAAUUAA______,AGCGGACCUUGAUU,_CGC__GGAAUUAA,AUACAAUUAAGGCA,____UUAGUUCC__,UUAAGGCACGCGGU,AGUUCC__GCG_CA
CUUGUGAUGUUUAC,GGGCAC__UAAAU_,CCCUAACUUGUGAU,_GGAUUGGGCAC__,UAAAUCCACGGGUU,AUUUG_GUGUUCAA,CACGGGUUAGGCUC,GUGUUCAAUCC_AG
UCUGAGAGGUUUAC,A__CUCUUUA____,GCACUGUCUGAGAG,_GUGACA__CUCUU,ACAUUUCUCACAGU,__UGGAGAGUGUCA,CUCACAGUGAACCG,GAGUGUCAC___GC
UGCUACUGUCUGCA,GUGA_GAU___UG_,ACAUUGUGCUACUG,UGUAACGUGA_GAU,UCACUAGCAGUGCA,G___GUC_UCGUGU,GCAGUGCAAUGUUA,C_UCGUGUUACA_U
UGUUACUGUGGGAA,ACAAUGG__C____,UUCGAUUGUUACUG,___CUGACAAUGG_,CUGGAGGUAACAGU,G____UCAUUGUUA,GUAACAGUCUACAG,CAUUGUUAG___UC
ACCAAAUCGCCUCU,UGGUUUAG______,AAUGGAACCAAAUC,UU_CC_UGGUUUAG,CAAUGGAUUUGGUC,_____CUAAACCA_,AUUUGGUCCCCUUC,UAAACCA_GG_AA_
ACCAAAUCGACUGU,UGGUUUAG_U____,AAUGGAACCAAAUC,UU_CC_UGGUUUAG,CAAUGGAUUUGGUC,___A_CUAAACCA_,AUUUGGUCCCCUUC,UAAACCA_GG_AA_
UAUGUGAUUCUACU,AUAUACU_______,UAUUCCUAUGUGAU,_UAGGGAUAUACU_,UCACUCAUAUAGGG,____AGUGUAUCCU,AUAUAGGGAUUGGA,UGUAUCCUUA_UUU
CAGGCCGACGAGCA,__UCGGC__UUC_U,GUGAAUCAGGCCGA,CACUU___UCGGC_,UUACCCGGCUAUUU,AG___GCCGG__AA,GGCUAUUUCACGAC,CCGG__AAGUGUUG
AUGGUAGGUUACGU,_ACCAUCU_GU_CG,UACCCUAUGGUAGG,AUGGGA_ACCAUCU,GCUGUUCUACCACA,UGAU_GGAUGGU_U,CUACCACAGGGUAG,GAUGGU_UCCCAUU
UGUUGGAUGGUCUA,ACAACCU___AG__,GUACAGUGUUGGAU,C_UGUCACAACCU_,AAGCUCCUAACACU,U___AGG_UUGUGA,CUAACACUGUCUGG,G_UUGUGACAGACC
CACUACUAACAGCA,GUGAUG___G__G_,AGAAAGCACUACUA,UC_UUUGUGAUG__,UGGAGGGUGUAGUG,__C__C__CAUCAC,GUGUAGUGUUUCCU,__CAUCACGAA_GA
CUCUGGUCAGUUGG,GAG_CUAG______,CUGCAUCUCUGGUC,GA_GUAGAG_CUAG,GGGAGUCUGAGAUG,__CU_GG_CUCUAC,CUGAGAUGAAGCAC,G_CUCUAC_UCGUG
CUGUAAGUUUGCGA,GACAU_CAGA____,CAUAUACUGUAAGU,G_AUAUGACAU_CA,GAGACACUACAGUA,_UUUG__AUGUCAU,CUACAGUAUAGAUG,_AUGUCAUAUCUAC
AAUCCCUUAGAUGC,UUAGGGG_______,CCCAGGAAUCCCUU,_GGUCCUUAGGGG_,AAGAUGGGGAUUCC,_____UCCCUAAGG,GGGAUUCCUGGAAA,CCCUAAGGACC_UU
UCCGACUCGGGCUC,A__CUGA___CGA_,AUACACUCCGACUC,UA_GUGA__CUGA_,GGAGCAGUCAGUGC,__UCGUCAGUCAC_,GUCAGUGCAUGACA,CAGUCAC_UA_UGU
UGCAGCUAGUAAUA,ACGUUGA_CG____,UGAUGUUGCAGCUA,ACUG__ACGUUGA_,AGCCCAGUUGCAUA,_UG__UCGACGU__,GUUGCAUAGUCACA,CGACGU__UAGUGU
GCAGCUGUUGUCUC,CGUCGAC_ACG___,CCAAAAGCAGCUGU,G_UU__CGUCGAC_,CAUUCCAGCUGCGC,GU___GUCGACG__,AGCUGCGCUUGGAU,UCGACG__AACCUA
UGUAUGAGUGGUGU,A_AUACUU_U_A__,UCUAGCUGUAUGAG,AGAUCGA_AUACUU,AGUCUUCAUAAAGC,U_G_GAGUAU_UCG,CAUAAAGCUAGAUA,GUAU_UCGAUCUAU
UGUAUGAGUGUAUU,A_AUACUU_C____,UCUAGCUGUAUGAG,AGAUCGA_AUACUU,GGUCUUCAUAAAGC,___GGAGUAU_UCG,CAUAAAGCUAGAUA,GUAU_UCGAUCUAU
UGUAUGAGUGCCAC,A_AUACU__CG___,UCUAGCUGUAUGAG,AGAUCGA_AUACU_,AGCCGUCAUAAAGC,_CG__AGUAU_UCG,CAUAAAGCUAGAUA,GUAU_UCGAUCUAU
CCUGUGAGGACAUC,GGACACUCC____G,CUUUAACCUGUGAG,GAG__UGGACACUC,CAGGGUCACAGGUG,G____AGUGUCCAU,CACAGGUGAGGUUC,GUGUCCAUUCC_AG
CUUGUGAGGUAUUU,GAACACU_CA____,CCCUAACUUGUGAG,_GGA_UGAACACU_,AGUAACAUCACAAG,____UG_AGUGUUC,AUCACAAGUCAGGC,_AGUGUUCA_UCC_
GUACGCGCUGUGAC,CAUGC_____ACU_,CUUUUGGUACGCGC,GAG_GCCAUGC___,UUCAAACUCGUACC,_AGU____GCAUGG,CUCGUACCGUGAGU,__GCAUGGU_UUCA
CUCUGAUUCAGAAA,_AGGCUAAG_____,AGAGGGCUCUGAUU,UCU_CC_AGGCUAA,AAGAUCAUCGGAUC,__CU__UAGUCU_G,AUCGGAUCCGUCUG,UAGUCU_GG_AGAC
GGCUUGCUGUACAU,CCGAACGAUA____,GGUCUGGGCUUGCU,CCA__CCCGAACGA,UAGCCGGAAGCCCU,GUCG___UUCGGG_,GAAGCCCUUACCCC,_UUCGGG__UGG_G
AGAGGGGCAUGCAC,U_UCCCUGUG____,UUGACCAGAGGGGC,_AC_GGU_UCCCUG,UGUUCACCCUGUGG,ACG___GGGA_ACC,CCCUGUGGGCCACC,GGGA_ACC__GU_G
UGAUGGAUUCUUAU,ACUACCU_______,UUUUGAUGAUGGAU,___GCUACUACCU_,UAUGCUCCAUCAUC,_____AGGUAGUAG,CCAUCAUCGUCUCA,GGUAGUAGU___GU
CAGGCCGUUGCCAA,__UCGGCAA__G__,GUGAAUCAGGCCGU,CACUU___UCGGCA,GAGAACGGCUACUU,C__UUGCCGG__AA,GGCUACUUCACAAC,CCGG__AAGUGUUG
AUGGGUUGUGUCAG,U_UCCAG_AC____,AAUUCCAUGGGUUG,UUAA_GU_UCCAG_,UGUCAGACCUCUGA,___GUUUGGG_AC_,ACCUCUGAAAUUCA,UGGG_AC_UUAAGU
CACUCCCGUGCUUG,G_GAGGG_A_GAG_,UGUCUUCACUCCCG,A_GGAGG_GAGGG_,AGGAGGGAGGGAGG,UC_UCCCUCCUUCU,GAGGGAGGGACGGG,CUCCUUCU_UGCCU
ACCAGUGCUGGGCU,UGGUC_CGAC____,CCUUGUACCAGUGC,GGA_CAUGGUC_CG,UCAGACCCUGGUAC,_GUC_G_GACCAUG,CCUGGUACAGGCCU,_GACCAUGUCC__A
GCCUUCGCUUUAUU,C_G_AGUG______,CGUGUUGCCUUCGC,GCACAAC_G_AGUG,UGUGACGAAUCAUA,_CGCU_C___GU_U,GAAUCAUACACGGU,C___GU_UGUGCC_
UUCCUGAUGGUCCC,GGGGAC__CC____,AGGCAGUUCCUGAU,UC_GUCGGGGAC__,CCUCCCCAGGGGCU,___GG_GUCCUUGA,CAGGGGCUGGCUUU,GUCCUUGAC_GAAA
UUGGGCUUUCUGGU,A_CCCGAA______,CUCCUUUUGGGCUU,G_GGAAA_CCCGAA,AUUUUAAGCCCAAA,_____UUCGGGUUU,AGCCCAAAGGUGAA,UCGGGUUUCC_CUU
UGGAGGGUGAGCUU,_CCUCCC____G__,GCAUGGUGGAGGGU,CGUAC__CCUCCC_,AAAACCCCUCCCAC,_____GGGAGG__G,CCUCCCACAUGCAG,GGAGG__GUACGUU
AUUAGGUUGUUAUU,UA__UCAAC_____,UGAUAUAUUAGGUU,ACUAUAUA__UCAA,AAUCCAACUAUAUA,____GUUGGUAUAU,ACUAUAUAUCAAAC,UGGUAUAUAGUUUG
GAGAUGAGGGUGUC,_UC_ACU_______,GCGGGCGAGAUGAG,C_UCCG_UC_ACU_,UCGGAUCAACUGGC,_____AGU_GA_CG,CAACUGGCCUACAA,GU_GA_CGGG_GUU
UAUUGGCACAGGGA,AUAACCGU__CU__,CAGAAAUAUUGGCA,GUC_UUAUAACCGU,GAGUCUGCCAAUAU,___GGACGGUUAUA,GCCAAUAUUGGCUG,CGGUUAUAA__GAC
UGUUUGGGUGCGGU,AUAA_CUC_UG___,CAGCAGUGUUUGGG,G_CGUCAUAA_CUC,GAGUCUCUAAUACU,__CGGGG_UUGUGA,CUAAUACUGCCGGG,G_UUGUGACG_CCC
AGGGGUUUUUGCCU,UCCUCAG_AAC___,CGUGAUAGGGGUUU,_UAC_AUCCUCAG_,CAACUGACUCCUAC,GUU__UUGGGGAUG,ACUCCUACAUAUUA,UGGGGAUGUGUAAU
UACGAGAGUGAGUA,A__CUCU_G_____,ACACUGUACGAGAG,_GUGACA__CUCU_,GCAGGUCUCACAGU,___U_AGAGUGUCA,CUCACAGUGAACCG,GAGUGUCAC___GC
AUGUGGAAGUGCCC,UG_ACCU___UGG_,AACUCCAUGUGGAA,U_GGGGUG_ACCU_,ACUGGUUCCAGUGG,___CCGAGGUUACC,UCCAGUGGGGCUGC,AGGUUACCUC_ACG
UGCAGAUAGUGGUC,ACG_C_AUCGCC__,UGACAGUGCAGAUA,G_UGUCACG_C_AU,CGUGCUACCGCACU,G__UGAUG_CGUGA,ACCGCACUGUGGGU,UG_CGUGACA_UCG
GGUGUUCAGAGUCU,CCACGA_UCU____,UCUCCUGGUGUUCA,AG___ACCACGA_U,UUUUGUCUAGCACC,_____AGAUUGUGG,CUAGCACCAUUUGA,GAUUGUGGU___CU
UCUCAGCUGUGAGC,AGGGUCGG____UG,CUACACUCUCAGCU,GG___GAGGGUCGG,AAGGUGGCUGGGAG,__UCGUCGACUCUC,GCUGGGAGAGGGUU,CGACUCUC_UCC_A
UGCUGGAUUUCCCA,ACGACC_____GGU,GGACAGUGCUGGAU,UCUGUCACGACC__,UUGACUCUAACACU,___________UGA,CUAACACUGUCUGG,_____UGACAGGCC
ACUUGCUUUGAAAC,UGAAUGAAG_____,GGAUGUACUUGCUU,CCU_CGUGAAUGAA,AAAGAAGUAAGUGC,___UUUCGUUCAUG,GUAAGUGCUUCCAU,CGUUCAUG_AGGUG
CAAUUCUUGUACGA,GUUAAGAGC___C_,CAAACGCAAUUCUU,GU__GUGUUAAGAG,CCAACCGAGAAUUG,GG___GUUCUUAAC,GAGAAUUGUGGCUG,UUCUUAACGC__AC
UGAUUGCUAAUAGU,ACUAAC_AU____A,GUUAGCUGAUUGCU,CAAUC_ACUAAC_A,UAGUACCAAUCACU,___AU_GUUAGUGA,CAAUCACUAACCAC,GUUAGUGAUUG_UG
CAUACAUUUUGAAU,GUAUGUA_______,GUCCCACAUACAUU,UAGGGUGUAUGUA_,GAAUAUGUAUGUGG,____UACAUACACC,GUAUGUGGGAUGGU,CAUACACCCUGCCA
CCUUGCGGGGCCUU,_GAAC_C_CCG___,AACCGACCUUGCGG,U__GCU_GAAC_C_,CCGCACACAAGCUC,GG_G___GUUC_AG,ACAAGCUCGUGUCU,_GUUC_AGC__AGA
AUCCUGUUGUGCCU,UGGGA_GAC_____,CCCUCAAUCCUGUU,G_GGGUUGGGA_GA,UAAUUCAGAGGGUU,_____GUUUCCUAA,AGAGGGUUGGGUGG,UUUCCUAACUC_CC
GCACUACUAUAGGC,CGUGA_GA_GUC__,CCUGUUGCACUACU,__GUAACGUGA_GA,UGGGAAGCAGUGCA,AU___UC_UCACGU,GCAGUGCAAUGAUG,C_UCACGUUGU__C
CUGGAAGCUGUAAG,GACUUUCGA_G___,CCUUGACUGGAAGC,GG__CUGACUUUCG,AGAGGAGCUUUCAG,___U_UCGAAGGUC,GCUUUCAGUCGGAU,CGAAGGUCAGCCUA
AUAGGCUGUUUCCA,UAUCCGG_______,UCCAGGAUAGGCUG,AG_UCUUAUCCGG_,UGUGAGGCCUAUUC,_____UCGGAUAGG,GCCUAUUCUUGAUU,CGGAUAGGA_CUAA
GGGGUACUUUAUAA,CCCC_UGAAA____,UCUCCAGGGGUACU,AG_GG_CCCC_UGA,CAAAAAGUCCCCCA,___UUUCA_GGGG_,GUCCCCCAGGUGUG,CA_GGGG_CC___C
UGUGAGUGCUAUUU,ACAC_CGUGA____,CCUAGGUGUGAGUG,__AUCCACAC_CGU,UCAGUGCAACACAC,__UCGUG__GUGUG,CAACACACCUAUUC,G__GUGUGGAUAGG
GCAAUUUUGAUGAG,CGUUAAAA______,CACGAUGCAAUUUU,__GC_ACGUUAAAA,GGAGAAAAAUUGCA,_____UUUUAACGU,AAAUUGCACGGUAU,UUUAACGUGC__UA
CAGCUGUGUUUUCU,GUUGAC_CAG____,CAGGGGCAGCUGUG,_UCCCCGUUGAC_C,UCAGUCAUAAUGCC,_GUCG_____ACGG,AUAAUGCCCCUAAA,____ACGGGGA_UU
UGCUUUCUGUGACU,GUGAA_GA______,UGGAAGUGCUUUCU,ACCUUCGUGAA_GA,UUAAAAGUAAGUGC,_____UC_UUCGUG,GUAAGUGCUUCCAU,C_UUCGUGAAGGUA
CCUGCUGUGUGAAA,G_AUGA_ACA___U,GGGGUACCUGCUGU,CUUCGUG_AUGA_A,ACAAAAGUAAGUGC,UGU__UCGU_CAUG,GUAAGUGCUUCCAU,CGU_CAUGGGGGUA
CACUUGCUGUGACA,GUGAAU_ACA____,UGGAGGCACUUGCU,ACCUUCGUGAAU_A,ACAAAAAUAAGUGC,UGU____GUUCACG,AUAAGUGCUUCCAU,_GUUCACGGAGGUA
CAACUCUGUUGAAU,GUU_AGGU_A____,AAUAUGCAACUCUG,UU__ACGUU_AGGU,AAAUUGGAAUUGCA,__U_GUCU_AACGU,GAAUUGCACUUUAG,CU_AACGU__AAUC
UAUUCGCUUUAUUG,AUAAGC________,GUGUUAUAUUCGCU,UACA__AUAAGC__,GACUUCGAAUAAUA,_____GCUUAU__U,GAAUAAUACAUGGU,CUUAU__UGUGCCA
CAGUUACACAGCUC,GUC___GUG_____,UCUCUGCAGUUACA,GGGG_CGUC___GU,CACGAGUGCCUGCU,_____CAC_GACG_,UGCCUGCUGGGGUG,AC_GACG_CUCUGC
GGGCACUUUCUGCU,_CCGUGAAAG_UGG,CUGUGGGGGCACUU,__UACC_CCGUGAA,CUGGUGAAAGUGCC,__UCGCUUUCACGG,AAAGUGCCGCCAUC,UUUCACGG_GGUG_
CUAUUCUGAUGUCC,GA_AAGG__A____,GGAGCACUAUUCUG,_CUCGUGA_AAGG_,CAAGUGGAAAGUGC,__U__UCUUUCACG,GAAAGUGCUGCGAC,CUUUCACGA_G_UG
GCUUUCCUUUUUGU,UGAAGGG_______,GGGGGCGCUUUCCU,_CUUCGUGAAGGG_,GUACUGGGAAGUGC,_____CCUUUCGCG,GGAAGUGCUUCGAU,CUUUCGCGGGG_UA
AUAAGUGUUAUAGC,UAUUCACG____UG,AACCUGAUAAGUGU,UU_GACUAUUCACG,UAUAGCACUUAUCA,____UGUGAAUAGU,ACUUAUCAGAUUGU,UGAAUAGUC_AACA
UGAAUUCGCUUUAU,ACU_AAGUG_____,CCUUGGUGAAUUCG,G_AACCACU_AAGU,AUGUUGAAUCACAC,__C_GCUUAGUG_G,AAUCACACAAAGGC,UUAGUG_GUU_CCG
CCUGUGUGUUACCU,GG_CACG__A____,CCAGGUCCUGUGUG,GGUUCAGG_CACG_,AAAUAGCACUGGAC,__U__UGUG_CCUG,CACUGGACUUGGAG,GUG_CCUGGACCUC
ACGUAGGCGUUAUG,UGUAUCCGU_____,UAUGGAACGUAGGC,GUAC__UGUAUCCG,UCUGACCUAUGUAA,__GC_GGAUGCA__,CUAUGUAACAUGGU,GAUGCA__GUAUCA
UGUAUAUUCGGUUU,_CAUAUAAG_UA__,GCCCUUUGUAUAUU,CGGGAA_CAUAUAA,CAUGGAAUAUACAA,_UG_CUUAUAUGUU,AUAUACAAGGGCAA,UAUAUGUUCCCGUU
UGUGGCUUUGGGUG,ACACCGA___CUA_,GGUGAUUGUGGCUU,UCAC_GACACCGA_,AUCAGCCACAGCAC,UGGUCGGUGUUGUG,CACAGCACUGCCUG,GUGUUGUGG__GAC
ACUGAUUGUCAUAU,UG_CUAG_GGUGU_,AAUGAGACUGAUUG,__ACUCUG_CUAG_,UGUGGGAUCCGUCU,AUACUUUAG_CAGA,AUCCGUCUCAGUUA,UAG_CAGAGU____
CUUAGGCUCUGCAA,GAA__CGAG_____,CUGUGUCUUAGGCU,GACAC_GAA__CGA,CAACCGAGCAAAGC,_____CUCG_UUCG,AGCAAAGCACACGG,UCG_UUCGUGU_CC
CUCAGGGAGAAAGU,G_GUCCC_______,GAGGGGCUCAGGGA,U_UCCCG_GUCCC_,ACAGCCCCUGGCCC,___CGGGGACCGGG,CCUGGCCCUCUCUG,GGACCGGGG_GGAC
UGAUUGAGGGACAU,AC__ACUCU_UGUA,UAUCUGUGAUUGAG,__AGACAC__ACUC,GGAAUUGUCUCACA,C____A_GGAGUGU,GUCUCACACAGAAA,_GGAGUGUGUCU__
AGGAGUUGAUGCAC,UCCUCGACUAU___,UCAUACAGGAGUUG,AGUAU_UCCUCGAC,UAUCCAGCUCCUAU,GUA_GUUGAGGA_A,GCUCCUAUAUGAUG,UGAGGA_AUACU_C
CGUUCGCUUUAUUU,_CA_GCGG______,GUGGCGCGUUCGCU,CAC__U_CA_GCGG,UAUGGCGCACAUUA,___UCGC_UG_G__,GCACAUUACACGGU,C_UG_G__GUGCC_
GUCUAGUAUGUCUC,CAGAUCAU_C____,CUCACAGUCUAGUA,GA__GUCAGAUCAU,UCCCCUACUAGACU,___G_AUGAUCUGA,ACUAGACUGAAGCU,UGAUCUGAC_UCGA
UAUGUGAUUGCUGU,AUGUACUAAC____,CAUUCCUAUGUGAU,___GGGAUGUACUA,CAAACUCAUGUAGG,GUU__AGUGUAUCC,CAUGUAGGGCUAAA,GUGUAUCCU__UUU
CUCAGGCUGUGGCU,GA__CUGA______,UAUACACUCAGGCU,_UA_GUGA__CUGA,CUGAAAGUCAGUGC,_____UCGGUCAC_,GUCAGUGCAUCACA,CGGUCAC_UA_UGU
GGGAUCCCAGAUCA,CCC___GG______,GUCCCAGGGAUCCC,C_GGGUCCC___GG,AAACCAGGCCCCUG,______CC_GGGAC,GGCCCCUGGGCCUA,CC_GGGACCC_GGU
AUUGGUGUAAAGCU,U_ACC_CA______,UAGGGCAUUGGUGU,A_CCCGU_ACC_CA,CUGGAGACCCACUG,______UGGGU_AC,ACCCACUGCCCCAG,UGGGU_ACGGG_UC
CUGAGUGAUGACUC,GACUCA________,CUGGUGCUGAGUGA,GACUACGACUCA__,AGGCGACUCCAGCA,_____UGA_GUCGU,CUCCAGCAUCAGUG,GA_GUCGUGGUC_C
GCUCACGUGUGCCU,CGAGUGU_CG____,CCAGGAGCUCACGU,G_UCC_CGAGUGU_,CUGCCUGUGAGCGC,__UG_GCACUCG_G,GUGAGCGCCUCGAC,CACUCG_GGA_CU_
AAAAUGUUUGUCAU,UUUUGC_AA_____,UAACGAAAAAUGUU,AUU_CUUUUUGC_A,UAAACCGUUUUUCA,__UU_GUAAAAAG_,GUUUUUCAUUAUUG,UAAAAAG_AAUAAC
UGUUGGGAUCCACC,ACAGCUCU______,UCCUGUUGUUGGGA,AG_ACGACAGCUCU,CUUUCUCUCGACAG,_____AGGGUUGUU,CUCGACAGCACGAC,GGGUUGUUGU_CU_
AGACUUUUCUAUUU,UC_GAAAA______,AGAGCGAGACUUUU,UCU_GCUC_GAAAA,UUCCAAAAGCUCGG,____UUUUCGAGC_,AAGCUCGGUCUGAG,UUCGAGC_AGA___
UUUUGAAGUGUUCU,AAAACUU_GUAA__,UUCAUGUUUUGAAG,GAGUGCAAAACUU_,AAUGGUUCAAAACG,UUGU_AAGUUUUGU,UCAAAACGUGAGGC,AGUUUUGUACUU__
CCGUUGAGUGGGCA,GGC____UACC___,UCACUCCCGUUGAG,_GU_AGGGC____U,AGAAGCCAUCGGGA,_____GGUGGCCCU,CAUCGGGAAUGUCG,GUGGCCCU_ACAGC
CAGUUAGUGAAGCA,GUCA_UC_______,CUAGUGCAGUUAGU,_AUC_CGUCA_UC_,AAUCUACUGCCCUA,___GAUGACG_GAU,CUGCCCUAAAUGCC,GACG_GAU_UACG_
CAGGUAGUUUUGGC,GUC__UCAG_____,AUAGUGCAGGUAGU,UAU_AUGUC__UCA,UGACUCUACUGUAG,_UUGA___GACGU_,UACUGUAGUAUGGG,__GACGU_AUACUC
CUAAUAUGCACUAU,GGUUAUAU______,GUGUUCCUAAUAUG,UACAAGGGUUAUAU,UAAAUAUAUUGGGA,____GUAUAAUCCU,UAUUGGGAACAUUU,AUAAUCCUUGUG_A
UCAUGCAGGCCACA,_G_ACGUUUGG___,AGGCCGUCAUGCAG,UUC_GC_G_ACGUU,AACGUUGCAGGUCG,____GACGU_C_GC,GCAGGUCGUCUUGC,CGU_C_GC_GGACG
AUUAUUCAGAGAGG,UA_UAGGU_UCUCC,CCUGUCAUUAUUCA,GGGUAGUA_UAGGU,GAGAAGGAUCAUGA,______UUA_UACU,GAUCAUGAUGGGCU,UUA_UACUGUCCGA
CUGUUUCUUUAAUG,_ACAAAG_AG____,GGGUUUCUGUUUCU,UCCA___ACAAAG_,AGGACGAAACACAC,__UU_CUUUGU_UG,AAACACACCUGGUU,UUUGU_UGGGUC__
CUGUUUCUUUAUUG,_ACAAAG_AG____,GGGUUUCUGUUUCU,UCCA___ACAAAG_,AGGACGAAACACAC,__UU_CUUUGU_UG,AAACACACCUGGUU,UUUGU_UGGGUC__
AAACUGAGACUUUG,U_UGACUCUG____,CAGAGGAAACUGAG,GUCU_CU_UGACUC,UCUCAGUCUCAUCU,AGAGUCA_AG_AGA,UCUCAUCUGCAAAG,A_AG_AGACGUUU_
UUUGCAUCUGGACG,AAGCG________C,AGCAACUUUGCAUC,UCGUUGAAGCG___,GGACGACGAAUGUU,____C_GUUU_CAA,CGAAUGUUGCUCGG,GUUU_CAACGAGCC
GAGUUCGCUUUUAU,U_UAAGCG______,UGUGAUGAGUUCGC,ACAC_AU_UAAGCG,AAUGACGAAUAUAA,___C_GCUUG_GU_,GAAUAUAACACAGA,CUUG_GU_GUGUCU
AAGGGAGUGGUUCC,_UC_CUC_CCG___,GGAAAGAAGGGAGU,CCU_UC_UC_CUC_,CGCCUCCUCACUCC,_UGG__GAG_GA_G,CUCACUCCUCUCCU,GAG_GA_GA_AGGA
UGAAUUCGAUUCAU,ACU_GAGC______,CCGUGAUGAAUUCG,GGCACUACU_GAGC,AAAGCGAGUCAUAC,____GCUUAGUA_G,AGUCAUACACGGCU,UUAGUA_GUGCCGG
CCCCGAGGCCCUUC,GGGGCUC_______,GAGCUGCCCCGAGG,CUCGACGGGGCUC_,CCCAGCUCGGGGCA,_____GAGCCCCGU,UCGGGGCAGCUCAG,AGCCCCGUCGAGUC
GUGUUCGCUUAAUU,UACAAGCG______,CCUGCUGUGUUCGC,GGAC_AUACAAGCG,UAUGACGAAUCAUA,___C_GCUU_GUGU,GAAUCAUACAGGGA,CUU_GUGUGUCCCU
CUCUCAAACAAGUU,GA_AGUUUGUU___,AUGGCACUCUCAAA,UAUCG_GA_AGUUU,AAAUUGUUUGAAAG,___AACAAACU_UC,UUUGAAAGGCUAUU,AAACU_UCCGGUAA
GCCAUUUACUUGAA,C_GUGA__GGAUU_,UGUGACGCCAUUUA,ACACU_C_GUGA__,UUUAGGAGUGACAU,_AGUUCUUAC_G_A,AGUGACAUCACAUA,UUAC_G_AGUGUGU
GGUGGGUCAAGUUU,CCA_CCAGU_____,UCUCCAGGUGGGUC,GGAGGUCCA_CCAG,GAUGCACCAACCUG,__AC_UGG_UGGAC,CCAACCUGGAGGAC,GG_UGGACCUCU__
CAUGAGGAGUAGAA,GUAUUCCUCA____,CCCUUCCAUGAGGA,__GAA_GUAUUCCU,AACACUCCUUAUGC,___UGAGGAGUAC_,CCUUAUGCAAGAUU,GGAGUAC_UUC_AA
GCAGUCAGUAAAUA,UGU_AGU_GUUU__,UGCUCUGCAGUCAG,ACGA_GUGU_AGU_,UUUUGUGAAUGUGU,_AAAUACU_ACGU_,GAAUGUGUAGCAAA,CU_ACGU_UCGUUU
UAGGCUGUGAGCUC,GUCCG__AC_____,AUUCCAUAGGCUGU,__AGGUGUCCG__A,UAGCAAUGCCCUGU,___GU__C_GGAUA,UGCCCUGUGGACUC,_C_GGAUACCU_AG
UUCUUUGAGGAUCU,GAGAAA_UCC____,AUAUACUUCUUUGA,_AUAUGGAGAAA_U,GGCCUAAAGAGGUA,__GGAUUUCUUCAU,AAGAGGUAUAGGGC,UUCUUCAUAU__CG
UUUCAUUCAUUCGU,GAAGUGG_______,GUAGGCUUUCAUUC,CAUCUGGAAGUGG_,CAUUCGGUGAAGGU,_____UUACUUUCG,GUGAAGGUCUACUG,UACUUUCGGAUGGU
UGGGUGGAUCCUCU,G_UCACC_GGG_GA,GGUCAUUGGGUGGA,UCGGUAG_UCACC_,UGGGCCACUGGAUG,_CCUGGUGG_UUAC,ACUGGAUGGCUCCU,UGG_UUACUGG_GA
CUUCUCUUUAUUUA,_AAGAG________,UGUUGUCUUCUCUU,ACAACA_AAGAG__,UUUAUGAUGAAACA,_____CU_CUUUGU,AUGAAACAUACACG,U_CUUUGU_UGUGC
AUUUUCGCUUUAUA,__AAAGCG______,CAUGUUAUUUUCGC,GUACAA__AAAGCG,UGUGACGAAACAAA,___C_GCUUU__UU,GAAACAAACAUGGU,CUUU__UUGUACC_
GAGAUGAGUUUAUG,_UC_AC_UA_____,GAGGGCGAGAUGAG,CUCCCG_UC_AC_U,UUUAUCCAACUGGC,___UG_GU_GA_CG,CAACUGGCCCUCAA,GU_GA_CGGGAGUU
GGUUUGUACGGCAC,CCAAAC_UGCCG__,CACUGUGGUUUGUA,GU_ACACCAAAC_U,CCACGUCCAAACCA,GG__CA_GUUUGGU,CCAAACCACACUGU,_GUUUGGUGU_ACA
GGUGGGUUGUGAGG,CCACCCAG_AC_C_,GUUGUCGGUGGGUU,____GGCCACCCAG,GCCAGACCCACCGG,_GGUUUGGGUGGCU,CCCACCGGGGGAUG,GGGUGGCU__UUAC
CACUUUCUGGUGCC,GUGAAAG_______,UGAGGGCACUUUCU,ACU_UCGUGAAAG_,AGAAUGAAAGUGCU,_____CUUUCACGG,AAAGUGCUGUCAUA,UUUCACGG_AGU__
CACUUUCUGGUGCC,GUGAAAG_______,UGAGGGCACUUUCU,ACU_UCGUGAAAG_,AGAAUGAAAGUGCU,_____CUUUCACGG,AAAGUGCUGUCAUA,UUUCACGG_AGU__
GUUUUUCUAUAACU,CGAAAAG_______,GGGGGCGUUUUUCU,CCUCC_CGAAAAG_,UGGAUGAAAAGCAC,_____CUUUUUG_G,AAAAGCACCUCCAG,UUUUUG_GGGGG_C
GUUUCUGUUGUCUG,_AAAGA____GGA_,GAAGCAGUUUCUGU,CUUCGU_AAAGA__,AGGAAAGAAAGUGC,UCU__UCUUU_ACG,GAAAGUGCUUCCUU,CUUU_ACGAAGG_A
CUUUCUGUUGUCUG,G__AGACGA_____,AAAGCACUUUCUGU,UU_CGUG__AGACG,GAAAGCAGAGUGCC,___UUGUCUCACG_,AGAGUGCCUUCUUU,UCUCACG_AAGAAA
CACUUUCUGUUUGA,GUGAA__ACAAA__,AGGGAGCACUUUCU,UCCU_CGUGAA__A,GAAAACAAAGUGCC,__UUUGUUUCACG_,AAAGUGCCUCCUUU,UUUCACG_GGGAAA
GCUUUCUGUGGUCA,UGAAAGAC____GU,GGAAGCGCUUUCUG,CCUUCGUGAAAGAC,GAAAAGCAAGUGCU,_______UUCGCGA,CAAGUGCUUCCUUU,_UUCGCGAAGGGAA
CUUUCUGUUGUCUG,G__AGACGA_____,AAAGCACUUUCUGU,UU_CGUG__AGACG,GAAAGCAGAGUGCC,___UUGUCUCACG_,AGAGUGCCUUCUUU,UCUCACG_AAGAAA
CUUUCUGUUGUCUG,GAAAGA____AGA_,GAAGCGCUUUCUGU,CU_CGUGAAAGA__,AGAAAAGAAAGUGC,UCU__UCUUUCGCG,GAAAGUGCAUCUUU,CUUUCGCG_AGGGA
ACUUUCUGUUGUCU,UGAAAGA_AA_AG_,GGAAGUACUUUCUG,CCUUCGUGAAAGA_,AGAAAAGAAAGUGC,U_UU_UCUUUCAUG,GAAAGUGCUUCCCU,CUUUCAUGAAGGGA
UUUCUGUUGUCUGA,AAAGA_AA_A____,AAGCACUUUCUGUU,UUCGUGAAAGA_AA,AAGAAGAGAAAGUG,_U_UU_UCUUUCAC,AGAAAGUGCUUCCU,UCUUUCACGAAGGG
CUUUCUGUUGUCUG,GAAAGA____AGA_,GAAGCGCUUUCUGU,CU_CGUGAAAGA__,AGAAAAGAAAGUGC,UCU__UCUUUCGCG,GAAAGUGCAUCCUU,CUUUCGCG_AGGGA
ACUUUCUCUUAUGU,_GGAAGA_______,GGAUGCACUUUCUC,CCU_CG_GGAAGA_,AAAAAAAGAAGGCG,______UCUUUC_C,AGAAGGCGCUUCCC,UCUUUC_CG_AGGG
CUUUCUGUUGUCUG,G_AAGA____AGA_,GAAGCGCUUUCUGU,CUUCGCG_AAGA__,AAGAAAAGAACGCG,_UCU__UCUU_CGC,AGAACGCGCUUCCC,UCUU_CGCGAAGGG
CUUUCUCUUGUCUA,GAAAGAGAA_____,GAAGCACUUUCUCU,CUUCG_GAAAGAGA,AAGAAAAGAAAGCG,UUCU___CUUUC_C,AGAAAGCGCUUCUC,_CUUUC_CGAAGGG
CGCUUUCUGUUGUC,GUGAAAGA____AG,GGGAAGCGCUUUCU,UCCUUCGUGAAAGA,AGAAAAGAAAGUGC,UCU__UCUUUCGCG,GAAAGUGCUUCCUU,CUUUCGCGAAGGGA
CUUUCUGUUGCUUG,GAAAGA_AA_GA__,GAAGCACUUUCUGU,CUUCG_GAAAGA_A,AAGAAGAGAAAGCG,_UCUU_UCUUUC_C,AGAAAGCGCUUCCU,UCUUUC_CGAAGGG
CUUUCUGUUGUCUG,GAAAGA____AGA_,GAAGCACUUUCUGU,CUUCGUGAAAGA__,AGAAAAGAAAGUGC,UCU__UCUUUCACG,GAAAGUGCUUCCUU,CUUUCACGAAGGGA
CUUUCUGUUGUCUG,GAA__ACAA_AGA_,GAAGCACUUUCUGU,CUUCG_GAA__ACA,AAGAAAACAAAGCG,_UCU_UUGUUUC_C,ACAAAGCGCUUCUC,UGUUUC_CGAAGGG
CUUUCUCUUGUCCA,GGAAGA____AGG_,GAAGCACUUUCUCU,CUUCG_GGAAGA__,AGGAAAAGAAGGCG,_CCU__UCUUUC_C,AGAAGGCGCUUCCC,UCUUUC_CGAAGGG
ACUGUCUGUUGUAU,UG_UAGA_______,GGAAGCACUGUCUG,CCU_CGUG_UAGA_,AGAAAAGAUCGUGC,_____UCUG_CACG,GAUCGUGCAUCCCU,CUG_CACG_AGG_A
UUCUGUUUGUUUUC,A__ACAAAU_____,AGCGCUUUCUGUUU,_CGUGAA__ACAAA,UCUUAAACAAAGUG,___GUUUGUUUCGC,ACAAAGUGCCUCCC,UGUUUCGCG_AGGG
CCCUUUCUGUUGUC,G_GAAAGA____AG,GGGAAGCCCUUUCU,CUCUUCG_GAAAGA,AGAAAAGAAAGUGC,UCU__UCUUUC_CG,GAAAGUGCUUCUCU,CUUUC_CGAAGGGA
ACUGUCUGUUGUCU,UG_UAGA_______,GGAAGCACUGUCUG,CCU_CGUG_UAGA_,AGAAAAGAUCGUGC,_____UCUG_CACG,GAUCGUGCAUCCCU,CUG_CACG_AGG_A
UCUGUUUGUUGUCU,__ACAAA_______,GCACUUUCUGUUUG,CGUGAA__ACAAA_,AGAAAAAACAAAGU,_____UUUGUUUCA,AACAAAGUGCUUCC,UUGUUUCACGAA_G
GCACUUUGUGUUUU,CGUGAAA_A_____,UAAGAAGCACUUUG,___CUUCGUGAAA_,AAGAAAGUGCUUCC,_U_UUUCACGAAGG,GUGCUUCCUUUCAG,CACGAAGGGAGGUC
CUUUCUGUUGGCUA,GAAAGA________,GAAGCGCUUUCUGU,CUUCGCGAAAGA__,AGAAAAGAAAGCGC,_____UCUUUCGCG,GAAAGCGCUUCCCU,CUUUCGCGAAGGGA
CCCUUUCUGUUGUC,G_GAAAGA_AA_A_,GGGAAGCCCUUUCU,CCCUUCG_GAAAGA,AAGAAGAGAAAGCG,_U_UU_UCUUUC_C,AGAAAGCGCUUCCC,UCUUUC_CGAAGGG
CUUUCUGUUGUCUG,GAAA__CAA_AGA_,GAAGCACUUUCUGU,CUUCG_GAAA__CA,AAGAAACCAAAGCG,_UCUUUG_UUUC_C,CCAAAGCGCUUCCC,G_UUUC_CGAAGGG
GCACUUUCUGUUUU,CGUGAAAGA_AAGA,UAAGAAGCACUUUC,___CUUCGUGAAAG,AAGAAAGUGCUUCC,_UCUUUCACGAAGG,GUGCUUCCUUUCAG,CACGAAGGGAGGUC
CCCUUUCUGUUGUC,G_GAAAGA_AA_A_,GGGAAGCCCUUUCU,CCCUUCG_GAAAGA,AAGAAGAGAAAGCG,_U_UU_UCUUUC_C,AGAAAGCGCUUCCC,UCUUUC_CGAAGGG
ACUGUCUGUUGUCU,UG_UAGA_______,GGAAGCACUGUCUG,CCU_CGUG_UAGA_,AGAAAAGAUCGUGC,_____UCUG_CACG,GAUCGUGCAUCCUU,CUG_CACG_AGG_A
CUUUCUGUUGUCUG,_AAAGA____AGA_,GAAGCGCUUUCUGU,CUU_GU_AAAGA__,AGAAAAGAAAAUGG,UCU__UCUUU_GC_,GAAAAUGGUUCCCU,CUUU_GC_AAGGGA
CUUUCUGUUGUCUG,GAAAGG____AGA_,GAAGCGCUUUCUGU,CU_CGUGAAAGG__,AGAAAGGAAAGUGC,UCU__UCUUUCGCG,GAAAGUGCAUCCUU,CUUUCGCG_AGGGA
CACUUUCUGUUGUC,GUGAAAGA____AG,AAGAAGCACUUUCU,__CUUCGUGAAAGA,AAGAAAGUGCUUCC,_UCUUUCACGAAGG,GUGCUUCCUUUCAG,CACGAAGGGAG_UC
CACUUUCUGUUGUC,GUGAAAGA____AG,AAGAAGCACUUUCU,__CUUCGUGAAAGA,AAGAAAGUGCUUCC,_UCUUUCACGAAGG,GUGCUUCCUUUCAG,CACGAAGGGAG_UC
CGCUUUCUGUUGUC,GUGAAAGG____AG,GGGAAGCGCUUUCU,UCCU_CGUGAAAGG,AGAAAGGAAAGUGC,UCU__UCUUUCGCG,GAAAGUGCAUCCUU,CUUUCGCG_AGGGA
GAUGUUUAACUCCU,CUACAAGU______,UGCAGUGAUGUUUA,ACG_CACUACAAGU,CCACGUGAACAUCA,_____AUUUGUAGU,GAACAUCACAGCAA,UUUGUAGUG_CGUU
GGUGAGAGUGCUGU,CCAC____ACG___,UACCUGGGUGAGAG,___GGUCCAC____,GAAUGCAAUGCACC,____CGU___GUGG,AAUGCACCUGGGCA,U___GUGGGUCCGU
GGUGAGAGUGCUUU,CCAC____ACG___,UCCCUGGGUGAGAG,_GGG_CCCAC____,UGAAUGCAAUGCAC,_____CGU___GUG,CAAUGCACCCGGGC,GU___GUGGGCCCG
GGUGCUAGUGCUGG,CCACG___ACG___,UAUCUGGGUGCUAG,___GGUCCACG___,UCAAUGCAAUGCAC,_____CGU__CGUG,CAAUGCACCUGGGC,GU__CGUGGGUCCG
UCUGCAGUGAGCGA,_GG_GU__CUCGU_,AACAGUUCUGCAGU,UUGUUA_GG_GU__,GUGCUCUGGGGUAU,_GCGAGAC_UC_UG,UGGGGUAUUGUUUC,AC_UC_UGACAAGG
CUCUAUCUGUAUUC,GAGG_AG_CAU___,UCUGCACUCUAUCU,GGACGUGAGG_AG_,UACUGAAGGGAGUG,AUG_CU__UCUCAC,AGGGAGUGCAGGGC,__UCUCACGUCU_G
UUGAUGUUUCUGCC,AACUGCGA______,GAAGUAUUGAUGUU,_UUCA_AACUGCGA,AGUUUAGCGUCAAC,_____UUGUAGUU_,GCGUCAACACUUGC,UGUAGUU_UGAA_G
GUGUCAUUUAUGUG,CAC__UAAAUAUA_,AGGGAGGUGUCAUU,UCUUUCCAC__UAA,UAAAAUAUAAAUUU,____UGUAUUUA__,AUAAAUUUCACCUU,UAUUUA__GUGGAG
GUGUCAUUUAUGUG,CAC__UAAAUAUA_,AGGGAGGUGUCAUU,UCUUUCCAC__UAA,UAAAAUAUAAAUUU,____UGUAUUUA__,AUAAAUUUCACCUU,UAUUUA__GUGGAG
ACUCAUGUAAACUA,U_AGUACA______,GGCGUCACUCAUGU,CCG__GU_AGUACA,UAAAACAUGAUUGU,____UGUACU_AC_,AUGAUUGUAGCCUU,UACU_AC__CGGGA
GCAAUCAUGUAUAA,_GUUAGUA______,ACAGUGGCAAUCAU,UG_CAU_GUUAGUA,UUAAAAAUGAUUGG,______UACUAAC_,AUGAUUGGUACGUC,UACUAAC_GUGCAG
CAAUCACAUGUAAU,GUUAGUGUG_____,GAGUGGCAAUCACA,C_CA__GUUAGUGU,AGGUGUGAUUGAAA,__UACACUAAC__U,GAUUGAAACCUCUA,CUAAC__UGGAGG_
GGACCGUUGGCAUC,CCU__CA_______,AGUGUAGGACCGUU,_CACA_CCU__CA_,UAAUUACCCUCCCA,_____UG__AGG_U,CCCUCCCACACCCA,G__AGG_UGUG_GU
UACAUCGUGGAAGC,A_GUA_CAC_____,UUGGACUACAUCGU,_ACCUGA_GUA_CA,GCACCAUGCAGUCC,_GUG_UAC_UCAGG,UGCAGUCCAUGGGC,AC_UCAGGU_UCCG
UAGAUGAAUAAAUG,A_CUACU_______,GUUUAUUAGAUGAA,CAAA_GA_CUACU_,UGACUCAUCAGCAA,____AGUAGUU_UU,AUCAGCAAACAUUU,UAGUU_UUUGUAAA
CUGUUCGUUUUGCU,G_UAAGC_______,CCUGUCCUGUUCGU,GGACA_G_UAAGC_,CAUGUCGAAUCGUA,_____GCUUG_C_U,GAAUCGUACAGGGU,CUUG_C_UGUCCC_
CUGUUGGUUGAAGA,GACAAC___UUUC_,UUUUGCCUGUUGGU,__AGUGGACAAC__,GCCUUUCAACAGGU,__GAAGGUUGUCCG,CAACAGGUGACUGG,GUUGUCCGUU__CC
UGCAGUGUUGUUUU,ACGUUAUAAC____,ACGCGGUGCAGUGU,UGC_UCACGUUAUA,CCGCCAAUAUUGCA,____GUUGUGACGU,AUAUUGCACUCGUC,UGUGACGUGGGCAG
AUAUGAGCUUCAUU,UAUACUU_______,AUUGUAAUAUGAGC,UA_CAUUAUACUU_,ACAUUUCAUAUUAC,____GAGUAUAAUG,CAUAUUACCAUUAG,GUAUAAUG_UA_UC
UGAGACCUGGUGCA,A____GGGC_____,CGUGGGUGAGACCU,_UACCCA____GGG,CGGGAAGGCGACCC,GUCC______UGGG,GGCGACCCAUACUU,____UGGGUG_GAA
AGUGUGUGUCGCUC,UCGCAC_C_G_G__,UGUGUGAGUGUGUG,ACGUACUCGCAC_C,CCGGGUCCACGCUC,___CC_GGUGUGAG,CCACGCUCAUGCAC,GGUGUGAGUGUGUG
CGUCUUUGGUAAUA,GUAGAAAC_GUU__,UCUCCACGUCUUUG,A_AGGUGUAGAAAC,UUUGGCAAAGAUGU,_AAU_GUUUCUGCA,AAAGAUGUGGAAAA,UUUCUGCACCU_UU
GAUGACGAUUUGAA,UUACU__UAAAU__,GUGCCAGAUGACGA,UAUGGUUUACU__U,UAAUAAAUUCAUUU,___GUUUAAGUAGA,AUUCAUUUGGUAUA,UAAGUAGACCGUGU
CUCAGAUAUUUAAG,GAGUUUAUGA____,AUCAGACUCAGAUA,UAGU__GAGUUUAU,ACAGUAUUUGAGAA,__UUAUAGACUC__,UUUGAGAAUGAUGA,AGACUC__ACUACU
AGUUACUAAUCUAA,UCAAUG________,UCAACCAGUUACUA,AGUUGGUCAAUG__,CUAAUUGUAACUGG,______CAUUGACC,GUAACUGGUUGAAC,CAUUGACCAACUUG
GCCCAGAGAAAGCC,CGGGUU_C______,AGAUACGCCCAGAG,UCUAUGCGGGUU_C,UGAACGUUGGGCGU,____G_GACCCGCA,UUGGGCGUAUCUGU,GACCCGCAUAGACA
UUUGGCCUUUAUUU,AGA_CGG_______,UGUGGUUUUGGCCU,AC_CCAAGA_CGG_,UCAAUGGCAAGAAC,_____CCG_UUUUG,GCAAGAACCUCAGU,CG_UUUUGG_GUUA
CUCUGAGCUGGGUA,_AGACUUG_CC___,CGUCUGCUCUGAGC,GUA_AC_AGACUUG,UGCCUGUUCAGAAC,__GG_CGAGUCU_G,UUCAGAACAAAUGC,GAGUCU_GU_UGC_
AGAGCCCUGUUGUU,UCU_G_GAUAG___,GGAGUAAGAGCCCU,CCUCAUUCU_G_GA,AAGAUAGUGUCUUA,__UUGUC_CAGAAU,GUGUCUUACUCCCU,C_CAGAAUGAGGGA
AGAGCCCUGUUGUU,UCU_G_GAUAG___,GGAGUAAGAGCCCU,CCUCAUUCU_G_GA,CAGAUAGUGUCUUA,__UUGUC_CAGAAU,GUGUCUUACUCCCU,C_CAGAAUGAGGGA
AGUGCAGUAUGGUG,U_AUGUC__ACU__,CAUAAAAGUGCAGU,GUAUUUU_AUGUC_,CAAUCUGUAAUUUU,GU__GACGU_AAAA,GUAAUUUUAUGUAU,CGU_AAAAUAC_UA
GCUCAGCCCGUUUC,UGAG_____CGAGG,GGCAUUGCUCAGCC,UCGUGGUGAG____,CUGGGUUUGUCUCU,GG_CCGA_CA_GGA,UUGUCUCUGCUGGG,A_CA_GGACGACCC
CCACUGUGAAGACA,GGUGACA____UGU,CGAUGACCACUGUG,_CU_UUGGUGACA_,UGUACAGUGGUUCU,ACAUGUCACCAG_A,GUGGUUCUCUUGUG,CACCAG_AG__CAC
UGUGAGCUGGAAAU,GCAU_UGG______,CGAUGGUGUGAGCU,GCUACUGCAU_UGG,GGGGUGCUACGUCA,__UCG__GUGUGGU,CUACGUCAUCGUUG,_GUGUGGUAGC__U
UUUUACCAUUACUU,AAAA_GGUAA____,UGCGAGUUUUACCA,ACG_UCAAAA_GGU,UCAAUGGCAAAACU,__UUACC_UUUUGA,GCAAAACUGGCAAU,C_UUUUGA_CGUUA
UUCUCCUUGGGAAA,AAGAG__AC_____,GGUGCCUUCUCCUU,UCACGGAAGAG__A,AAAACAGAGAAGGC,____GUCUCUUCCG,GAGAAGGCACUAUG,CUCUUCCGUGGUAC
UCGGAUCUCGAGGG,AGCCUG__GCUU_U,CGGUGCUCGGAUCU,GUC_CGAGCCUG__,UGUUCGGUCCGAGC,G_GAGCUAGGCUCG,GUCCGAGCCUGGGU,UAGGCUCGGGCCC_
GUGACUUCCAUGAC,UACUGAAGGUA___,CCUUCAGUGACUUC,GGAGGUUACUGAAG,AAUAGGAAGUCAUU,_UA_CCUUCAGUGA,AAGUCAUUGGAGGG,UUCAGUGACUUCCC
UUUUGCCAUUACUU,AAAACG___AUGA_,UGCGGUUUUUGCCA,AC_CUAAAAACG__,UCAGUAGCAAAAAU,__UCAUCGUUUUUG,GCAAAAAUCUCAAU,CGUUUUUGG_GUUA
AUGAGCCACUGCGG,UAC__GGU____CC,ACAGGCAUGAGCCA,UGUUUGUAC__GGU,CGACCAUGACCUGG,G______CUGGACC,UGACCUGGACAUGU,_CUGGACC_GUACG
GUGUUCAGUGGAAC,CACAAG__AC____,UACCUUGUGUUCAG,AUGGAACACAAG__,AGGUAAACACAAGG,__C__UUGUGUUCC,ACACAAGGUAUUGG,UGUGUUCCAUGACC
AUAGUCCUGUAAUU,UAUCAGGAC_____,AGUUCUAUAGUCCU,UCAAGAUAUCAGGA,AUCUCAGGACUAUA,____GUCCUGAUAU,GGACUAUAGAACUU,CCUGAUAUCUUGAA
AAGAGGAGGUGGUU,UUCUCCUCC_UU__,UAAGAAAAGAGGAG,_UUCUUUUCUCCUC,UUCCUCCUCUUUUC,G_GGAGGAGAAAAG,CUCUUUUCUUUGAG,GAGAAAAGAA_CUC
CUAGAGGGUAAAAU,GAUCUUCCA_____,UAUUUACUAGAGGG,G_GAAUGAUCUUCC,AUAACCUUCUAGUA,___UGGGAGAUCAU,UUCUAGUAAGAGUG,GAGAUCAUUU_UAC
GAGAACUUUUACGG,CUCUUGGAGG__CC,CGUUGGGAGAACUU,GCAACCCUCUUGGA,CCAGGAGGUUCUCC,GG_UUUUCAAGAGG,GGUUCUCCCAACGU,UCAAGAGGGUUGCA
GCAUUGCACGUGUG,CGUGACGUG_GCG_,GCUGUUGCAUUGCA,CGGC__CGUGACGU,GCGGGUGCAGUGCC,UGU_CACGUUACG_,GCAGUGCCUCGGCA,CGUUACG__GUCGU
UGUCUUGGGGUGGG,ACAGAACU______,CAAAUGUGUCUUGG,GUUUACACAGAACU,GGGAUCAAGACACA,____GGUUCUGUGU,AAGACACAUUUGGA,UUCUGUGUAAACCU
ACUUUUGUUCAAAU,_GAAAACG______,AGCUUGACUUUUGU,_UGAA__GAAAACG,AAAUGCAAAAGGAA,____UGUUUUC__U,AAAAGGAAAGUGUA,UUUUC__UUCG_AU
UUUUGCCUGUAAAA,AAAACGG_______,UGUGGUUUUUGCCU,ACACCAAAAACGG_,GUAAUGGCAAAAAC,_____CCGUUUUUG,GCAAAAACCACAGU,CGUUUUUGGUGUUA
UUUUGCCAUUGAAA,AAAACGGUAAU___,UGUGGUUUUUGCCA,ACACCAAAAACGGU,GUAAUGGCAAAAAC,_GUUACCGUUUUUG,GCAAAAACCACAGU,CGUUUUUGGUGUUA
AGCUGGCUGCUUGG,_C_ACCGACGA_CU,AUUGUUAGCUGGCU,U__CAA_C_ACCGA,AAGUCAGCAGCCAC,___GGUCGUCGGUG,GCAGCCACAACUAC,CGUCGGUGUUGAUG
UCUACUGAACCAGC,AGGU_ACUUG____,ACAAUCUCUACUGA,UGUU_GAGGU_ACU,AAACAAGUUCACUG,______CAAGU_AU,GUUCACUGGAGUUU,CAAGU_AUCUC_AA
GCGUACGCUUUAUC,UGUAUGCG______,CGUAUAGCGUACGC,GCA___UGUAUGCG,UGUGACGUAUGUAA,___C_GCAUGCG__,GUAUGUAACACGGU,CAUGCG___UGCCA
CAUGUGCUGAGUUC,GUAUACG_______,GCAGAACAUGUGCU,CGUCU_GUAUACG_,CGUGCCAUAUGUCU,___C_GUGUACAGA,AUAUGUCUGCUGAC,UGUACAGACG_C_G
UAUGUUCGCUUCAU,__AUAAGU______,CCGUGUUAUGUUCG,GGUACA__AUAAGU,AUCAUGAAUAAUAC,____GCUUGU__UG,AAUAAUACAUGGUU,UUGU__UGUGCC_A
GUGUUCACUUUCUA,UAUAAGU___AG__,UGUGAGGUGUUCAC,ACAU_UUAUAAGU_,UAUGAUGAAUAUUA,___CUACUUGUGG_,GAAUAUUAUACAGU,CUUGUGG_GUGUC_
GUCACUGUCUCAAA,CAGUGAC_______,AUAGUUGUCACUGU,UAUCAACAGUGAC_,AAAUCAGUGACAAC,____GUCACUGUUG,GUGACAACUAUGGA,CACUGUUGAUACCU
CACGAGAUACCAGU,GUGUUC_GUG____,UCAUGUCACGAGAU,___ACAGUGUUC_G,GUGCACUUGUGACA,CAU__GAGCACUGU,UUGUGACAGAUUGA,AGCACUGU___ACU
AGCACACGCUUUAU,_UGU_UGCG_____,CCAGAGAGCACACG,GGUC_C_UGU_UGC,UGUGCCGUUUGUGA,___C_GCA_ACG__,GUUUGUGACCUGGU,CA_ACG__GGACCA
GCUGGAGGUGAUGG,UGGCCUCC_UU___,GGAGGGGCUGGAGG,C__UCUUGGCCUCC,GUUUUCCUCCGGUU,__AG_GGAGGUCGG,CUCCGGUUCUCAGG,GAGGUCGGGGGUCC
GAGCAUGCACUUAA,CU_GUAUGUGGGU_,UCGGGUGAGCAUGC,GGCUCACU_GUAUG,GGGUGUAUGUCACU,UUCACGUACAGUGG,AUGUCACUCGGCUC,UACAGUGGGCU___
GAGCAUGCAGCAUG,CUCGU_UGUU____,UUGUCUGAGCAUGC,__CA_ACUCGU_UG,AUGCUUGUCUGCUC,____GACG_ACGAG,GUCUGCUCAUACCC,CG_ACGAGU_UG_G
GAGGUGGAGGGUGG,CUCCACC__CCGC_,ACUCGGGAGGUGGA,U___UCCUCCACC_,CUUCUCCCCCCACC,GGG__GGGGGGUGG,CCCCCACCUCCUCU,GGGGGUGGAGGG__
CAUCUCCUUUAGGA,GU_GAGGGG__UCU,UGGCUCCAUCUCCU,_UCGGGGU_GAGGG,CUGUGGGGAGUGGG,GG__UUCCUCACCU,GGAGUGGGGCUUCG,CCUCACCUCGG___
UUCGCUGAUGUGCA,AA_CGACU_UAC__,GCCUGUUUCGCUGA,CG_AUAAA_CGACU,CAUUCUCAGCAAAA,GUG__AGUCG_UUU,CAGCAAAAUAAGCA,GUCG_UUUGU_CGU
CGCAGCACUGUGCU,_CGUUGUGG_____,AGGCACCGCAGCAC,UCCGUG_CGUUGUG,GGGGAUGUUGCAGC,__UC_ACGACG_C_,GUUGCAGCUGCCUG,CGACG_C_ACGGA_
UCUCUGCUGUGUAA,GGAG_UGAUA____,AUAUUGUCUCUGCU,UAUAACGGAG_UGA,UUCUGAGUAGUGCA,G___CUC____UGU,GUAGUGCAAUAUUG,C____UGUUAUAAC
CGGCUGUUAAUGAU,GUUGACAAUU____,UGCUAGCGGCUGUU,_UGAUCGUUGACAA,UUAACAGUUGCUAG,AAUUGUCGGCGAUC,GUUGCUAGUUGCAC,CGGCGAUCGAUGUG
CUGAGCUGUGAUGU,GG_UCGA_GCU___,UGGGUUCUGAGCUG,_CUC_AGG_UCGA_,UCUCGAGCUGGGAU,__AGUUCGA_UCU_,GCUGGGAUCUCCGG,CGA_UCU_GGG_CU
UGUGGUGAACCUGA,AUACC_UUUGGGUU,AGUGUAUGUGGUGA,UUAC_UAUACC_UU,CCUUGGGUUUCCUC,__AGUCCAAG_G_G,GUUUCCUCAUAUUC,CAAG_G_GUGUA_G
AGAUGUAUCCAAGU,UCUACAUAGGUUUA,CUGUCCAGAUGUAU,_ACGGGUCUACAUA,AUAAAUACAUCUGG,____UAUGUAGACC,ACAUCUGGGCAACU,UGUAGACCUGU_GG
CACAGUGGACUUGG,_UGUCGC_______,AGGGCCCACAGUGG,UCCCG__UGUCGC_,GGUGACGCUGUAUG,_____GUGACA__C,GCUGUAUGCCCUCA,UGACA__CGGGAG_
CCACUGAUUCAGUA,GGUGACU_______,CCUGAGCCACUGAU,G_AC_CGGUGACU_,AAUACUCAGUGGCA,_____AGUCACCG_,CAGUGGCACAUGUU,GUCACCG_GU_CAA
GCAAUCAUGUAUAA,_GUUAGUA______,ACAGUGGCAAUCAU,UG_CAU_GUUAGUA,UUAAAAAUGAUUGG,______UACUAAC_,AUGAUUGGUACGUC,UACUAAC_GUGCAG
CUGAAUAUGUAAUA,GGUUUGUG______,AUGUUCCUGAAUAU,UAC_AGGGUUUGUG,AAGUGUAUUGGGAU,__UAUA_AGUCCU_,AUUGGGAUCAUUUU,_AGUCCU_GUA_AA
GGUAAGAGAGACUC,CCGUUC_CUC___G,CACCAGGGUAAGAG,__GGUCCCGUUC_C,UCGCUUCCUGCCCU,AG_GA___AUGGGA,CCUGCCCUGGCCCG,__AUGGGACC__GC
UCAGUCACUUAGAU,AGUCAGUG______,AAGCUGUCAGUCAC,_UC_ACAGUCAGUG,UACAUGUGACUGAC,_____CACUGACUG,UGACUGACACCUCU,ACUGACUGU_GA_A
UAUGGUCUCUAUAU,A_AUUAGAG_____,CCGUAGUAUGGUCU,GGC__UA_AUUAGA,AUGAUGAUUAAUAU,__CU_CUGGUUG__,AUUAAUAUCGGACA,UGGUUG__GCCUGU
UCAGGUGUUCUUAA,GGUCCAC_______,GUUUUAUCAGGUGU,CA_AA_GGUCCAC_,AAAAUCACCUGGAA,_____GUGGACU_U,ACCUGGAAACACUG,UGGACU_UU_UGAC
AUCACCAUAUCUAA,UGGUGGUG__G___,UUGUGAAUCACCAU,AACAUUUGGUGGUG,AAUGUGGUGGUGGU,___C__UACCACUA,GUGGUGGUUUACAA,UACCACUAAGUGUU
AGCUGGGGGUAAAU,UC_AC___CA__UA,CAAUCUAGCUGGGG,GU_AGAUC_AC___,AUGAACACAACUAG,UA__UG_GU_GAUC,ACAACUAGACUGUG,_GU_GAUCU_ACAU
AACAGCAGUCUUAC,UUGUCGU_______,AGGGCUAACAGCAG,UCCCG_UUGUCGU_,GCACAUGCUGUUGC,_____ACGACAACG,GCUGUUGCCACUAA,CGACAACGG_GAU_
UGCCUCUUCUCCAU,ACGGAGAG______,CUACCCUGCCUCUU,GG_GGGACGGAGAG,CCAUGAGAGGCAGC,____UUCUCCGUC_,GAGGCAGCGGGGUG,CUCCGUC_CCUCAC
CGCAGGGGACACGG,_C_UCUCCUGUGU_,AGAUGGCGCAGGGG,UC__CC_C_UCUCC,ACGUGUGUCCUCUU,_G_GCACAGGGGA_,GUCCUCUUCUCCCU,CAGGGGA_G_GGGA
UAGACUCUGGAUUU,A__UGAGGUU____,CCCUGUUAGACUCU,GGGGCAA__UGAGG,ACUUGGAGUGAACG,__GGUCUCA_UUGU,AGUGAACGGGCGCC,UCA_UUGUCC_CG_
CUAAGUGUCCUAGC,GAUUCACG____UG,AACCUGCUAAGUGU,UUGGACGAUUCACG,CCUAGCACUUAGCA,____UGUGAAUCGU,ACUUAGCAGGUUGU,UGAAUCGUCCAACA
AAUGUGAUGUCACU,U_ACACUA_AG___,CAGGCAAAUGUGAU,G_CC_UU_ACACUA,GGAAAUCACACACU,_CU_UAGUGU___A,CACACACUUACCCG,GUGU___AA_GG_C
AUUAUGUUUCUGAU,_AAUAUAAG_____,GCUCGAAUUAUGUU,C_AGC__AAUAUAA,UCCGAAUAUAAGAC,___UUUGUAUU__G,UAUAAGACGAACAA,GUAUU__GCU_GUU
AAUCAUGUAUAAUU,UUAGUA________,CGUGGCAAUCAUGU,GCAU_GUUAGUA__,UUAAAAAUGAUUGG,______UACUAAC_,AUGAUUGGUACGUC,UACUAAC_GUGCAG
CCAUGUGUGUACUC,GGUACACAC_____,UUUUGGCCAUGUGU,AAAGCCGGUACACA,CCCCUCACACAUGG,_____GUGUGUACC,ACACAUGGCCGAAA,UGUGUACCGGUUUU
GGGAAUAGUGCUCC,CCUUUGUU__G___,CCGGCCGGGAAUAG,_GCCGGCCUUUGUU,CUGGUUGUUUCCGG,__C_GAUAAGGGCC,GUUUCCGGCUCGCG,UAAGGGCCG_GC_C
UGGGGGGGAGAGGG,ACCCCCCCU_UCCC,GCCCAGUGGGGGGG,UGGGU_ACCCCCCC,GACUGACUGAGCCC,C_____GGC_CGGG,CUGAGCCCCUGUGC,GGC_CGGGGA_A_G
GAUGGGGCAGCUGG,C_ACUCCG_UGGCC,GGCCUGGAUGGGGC,CC_GACC_ACUCCG,GGUGGCCUCACCAG,UCG_CGGGGUGGUC,CUCACCAGCCCUGU,GGGUGGUC_GGACG
GUGUGUGGUGGGUG,CACAC_CC______,GGGCAGGUGUGUGG,CC_GUCCACAC_CC,AGGGCCCUCACACC,UCC_GGG_GUGUGG,CUCACACCUGCCUC,G_GUGUGGACGGGG
GGAGGGGCUGGCUG,___UCCCGGUCGAC,AGGCUGGGAGGGGC,UUU_AC___UCCCG,GUGGGCAUCAGCUG,_GUCUG_GGUCGGU,AUCAGCUGGCCCUC,_GGUCGGUCGGGGG
UUUUUGCUAUUACU,AAAAACGG_AAU__,UCGCGGUUUUUGCU,AG_GUCAAAAACGG,UAAAGGCAAAAACU,AUU_UCGUUUUUGG,CAAAAACUGAGACU,GUUUUUGGC_CU__
CUUUGGUAUUACUU,_AAAC_GUGA____,UGCGGUCUUUGGUA,_CGUCA_AAAC_GU,UCAGUGGCAAAAAC,__UUAU_GUUU_UG,GCAAAAACUGCAUU,_GUUU_UGGCGUAA
UCGAGUCUGAGCCU,A_CUCA__C_CG__,AGUGGUUCGAGUCU,_CACCGA_CUCA__,AAAGCCACUCUAGC,___CGGUGAG_UUG,ACUCUAGCCACAGA,UGAG_UUGGUG_CU
AGUUUUUGACAUUA,UCAAAAAC______,AAUCACAGUUUUUG,UUA_UGUCAAAAAC,CAAAGACAAAAACU,______GUUUUUGA,CAAAAACUGUAAUU,GUUUUUGACA_UAA
GGCCUUUUUGCCUU,CCGGAAA_______,GGAUGUGGCCUUUU,CCUACACCGGAAA_,AAAGGCCACAUUUU,UUUCCGGUGU___A,CACAUUUUCCAGCC,GUGU___AGGUCGG
AGGCGCUUCUCCUU,UUCGCGAG_AG___,UGCCAAAGGCGCUU,AC___UUUCGCGAG,AACAGAGCGCUUUG,U___UUCGCGGAA_,GCGCUUUGCUCAGC,CGCGGAA___GUCG
CAGGGCUGGGAUUA,GUCCCGAUC_____,GUAGAACAGGGCUG,UAUCUUGUCCCGAU,ACUAAAGCCCUGUU,_GG__UCGGGACAA,GCCCUGUUCUAUGC,CGGGACAAGAUGCG
ACUCACCAUAGUGG,__GGUGGU___ACC,ACUGUAACUCACCA,___CGU__GGUGGU,AUAGUGGUGGACUG,U___ACCACU__AU,GUGGACUGCCCUGA,CACU__AUGGGACU
UCAUUUAGAAAAGA,AGUAAA_CUU____,UUGAAUUCAUUUAG,AAUU_GAGUAAA_C,AGAAUUCCAAAUGA,____AAG_UUUACU,CCAAAUGAGCUUAA,G_UUUACUU_AGUU
AUUGGAUAGAAACU,U_ACUUAUCUU___,AAAAUGAUUGGAUA,U___AUU_ACUUAU,AUUAUUCUAUUCAU,____AAGAUAGGU_,CUAUUCAUUUAUCC,GAUAGGU_AGUAGG
CAUUUAUGUGAACU,GUAAAUAUA_____,AGGUGUCAUUUAUG,UCCAC_GUAAAUAU,AAAAUAUAAAUGUC,___UGUAUUUAC_G,UAAAUGUCACCUUU,AUUUAC_GUGGAGG
GUUUUCUGUCCUGU,CAAAAGACA_____,UAGUCAGUUUUCUG,AUC_G_CAAAAGAC,CACACAGAAAACCG,___UGUCUUUUG_C,GAAAACCGUCUAGU,CUUUUG_C_GAUUA
AUUGGUCCGUAUGU,_GGCCA__CGUG__,ACGGCGAUUGGUCC,_GCCGC_GGCCA__,GGUGCCACCGGCCG,_UAUG_UGGUU_GC,ACCGGCCGCCGGCU,UGGUU_GCGGC_GG
UGCCCUGGGGCCGU,ACG_G_CCC_____,GGUGCCUGCCCUGG,CCG_GGACG_G_CC,GUCCCUGCGCAGGG,__GGG_C_CGUCC_,GCGCAGGGGCCGGG,C_CGUCC_UGG_CC
GCCGCCUUUGUGCU,CGG_GGGAG_____,GUGCCUGCCGCCUU,CG__GACGG_GGGA,UUGGAGGGAGGCAG,___UUUCC_CCGUC,GGAGGCAGAAGCAG,CC_CCGUC__UGUC
UGUUGGGCAUCCAC,AC_ACCC___G___,CAUGUCUGUUGGGC,_UACGGAC_ACCC_,AGUCUCCCACCAGG,_C___GGGU_GUCU,CCACCAGGCAUUGU,GGU_GUCUGUA_CG
GUGUAUAGUAUUAU,C_CAUA_C______,UGGGCUGUGUAUAG,AC__GAC_CAUA_C,UAUUCAAUACCCAG,____G_UAUG_GUC,AUACCCAGAGCAUG,UAUG_GUC__GUAC
ACUUCUGCUUCCUC,_GAGGACG______,CGGCCCACUUCUGC,_CUGGG_GAGGACG,UAGCGCAGGAGGGG,____CGUCUUCCCC,AGGAGGGGUCCCGC,UCUUCCCCGG__CG
CCGGGCCGUGCACC,GGCCCGG__UG___,UGCUGCCCGGGCCG,GC_GCGGGCCCGG_,CCGUGGGCCCCAGG,__CG_CCGGG__CC,GCCCCAGGGCGACG,CGGG__CCCGU_GU
AGCGGUCGGAUAAU,_CG_CAGU______,CCUUGAAGCGGUCG,_GAACU_CG_CAGU,CACAUGACGAGCCU,____GCUG__CG_A,ACGAGCCUCAAGCA,UG__CG_AGUUC_U
UGAUGGAGGAAUCA,ACUACUU_______,GACUCCUGAUGGAG,CU___GACUACUU_,AUGAAUUCAUCAGA,_____AGGUAGUC_,UCAUCAGAAUUCAU,GGUAGUC___AGUA
GAGGUCUUCCCAUG,CUCC_GAAG_____,GCAUAGGAGGUCUU,CGUA_CCUCC_GAA,AAGAAGUCCUCCCA,__CUUC_GGAGG_U,UCCUCCCAUGCCAA,_GGAGG_UACG_UU
GCAGACGGCUUUCU,CGUCUGU___AAG_,CACCUUGCAGACGG,GUG_AACGUCUGU_,CCGAAUGUCUGCAA,__CUUGCAGACGUU,GUCUGCAAGUGUCA,CAGACGUUCAC_GU
GCCAGUCAGCGCUC,C_GUCGG_______,AGCGCUGCCAGUCA,_CGCGAC_GUCGG_,UUAAGGCUGACAGC,____CUGAC_GUCG,CUGACAGCGCCCUG,GAC_GUCGCG_G_C
GGAGACUGCCCAAA,_CU_UGAC______,CCUCCAGGAGACUG,_GAGGU_CU_UGAC,UCUUCAGUAUCAUG,____GUCA_AG_AC,GUAUCAUGGAGUUG,CA_AG_ACCUC_AC
AGACGUCCAAUCUC,UC_GCAGG______,CUGUUCAGACGUCC,GAC___UC_GCAGG,UUUGGGACGCCUCU,____CCUGC_GA__,ACGCCUCUUCAGCG,UGC_GA___GUCGU
GUCAUAUAAGGGAA,CAG_AUAUU_C___,AUACGAGUCAUAUA,UAU_CUCAG_AUAU,AGGCAUUAUAGGAC,___G_AAUAU_CUG,UAUAGGACUCAUAU,AUAU_CUGAG_AUA
CUGUACAGGUGAGC,GACA_GUCU_____,UGCCUGCUGUACAG,GUG_ACGACA_GUC,UGUUCUGCACAGCA,___GGAC_UGUCGU,GCACAGCAAGUGUA,C_UGUCGU_CGUGU
AUUUAAGACACCCU,UAAAUUCUGU___A,UAUUCUAUUUAAGA,AUGAGAUAAAUUCU,UGUACCUUAAAUAG,ACA__GAAUUUAUC,UUAAAUAGAGUAGG,AAUUUAUCUUAUCC
CAAAGUCGAUUUCC,_UUUCAG_UGAA__,CGAAGGCAAAGUCG,_C_UCC_UUUCAG_,AAAAGUGACUUUCC,__UUUACUGAAAGG,GACUUUCCUCACUC,CUGAAAGGA__G_G
AGAAGCACUGGUUA,UCU_CGU_______,GAUGCCAGAAGCAC,CUACGGUCU_CGU_,UGAUUUGCAUCUGG,_____ACG_AGACC,GCAUCUGGCAUCCG,CG_AGACCGUAG_C
UGGGAAGGAGAAGG,_CCCUUC_______,GUGGAAUGGGAAGG,CGUCUU_CCCUUC_,GGACGCUUCCCCUU,_____GAAGGG_AA,UUCCCCUUCUGCAG,AAGGG_AAGGUGUU
UUGGUUUGCCUGUU,AAUCAAAC__A___,UAGAGAUUGGUUUG,AUCUCUAAUCAAAC,UGAAUUCAAACUAA,___U__GUUUGGUU,CAAACUAAUCUCUA,GUUUGGUUAGAGAU
UGCAGCCUGUUGUC,ACGUCGGA______,CUCCGGUGCAGCCU,GAGGCCACGUCGGA,UGUCAAGGCUGCAC,_____UCCGACGUG,GGCUGCACCGGAGA,CCGACGUGGCCUCU
UGCAGCCUUGACAA,ACGUCGGA______,CUCCGGUGCAGCCU,GAGGCCACGUCGGA,ACAACAGGCUGCAC,_____UCCGACGUG,GGCUGCACCGGAGA,CCGACGUGGCCUCU
GGUCAUUUUUCUGU,CCGGU______ACA,AGGUAGGGUCAUUU,UCCA_CCCGGU___,CUGCACAUGGCCCA,___GUGUACUGGG_,AUGGCCCAACCUAU,UACUGGG_UGGAUA
AAGCUUUAUGUAUU,UUCGAGA_AUA_AA,UACCAAAAGCUUUA,__GGUUUUCGAGA_,AAAUAAGAGCUUUU,U_UGUUUUCGAAAA,GAGCUUUUGGGAAU,UUCGAAAACC__UA
UAUAUAGAUAUCAG,AUAUAUC_______,AAGAGAUAUAUAGA,UU_UC_AUAUAUC_,GCUACCUAUAUACC,_____GAUAUAU_G,UAUAUACCUGUUCG,AUAUAU_GA_AA_C
AAACUCAUUGUUGA,UUUGAGUAA_G___,CACUCAAAACUCAU,GUGAGUUUUGAGUA,UGGAAUGAGAUAUU,_U_UUACUC___AA,GAGAUAUUUUGAGU,CUC___AAAACUCA
CCUCAGCACCUGAA,GGGGUCG_G_AC__,CGAUCUCCUCAGCA,_CUAGAGGGGUCG_,GCCAAGGCUGGGGA,__GU_CCGACUCCU,GCUGGGGAGAUCCU,CGACUCCUCUAG_A
AUCAGGUGCCUCAA,UAGUCCACGGG___,AAUGGGAUCAGGUG,__ACCCUAGUCCAC,CAUCCCACCUGAUC,G_____UGGACUAG,ACCUGAUCCCACAG,UGGACUAGGGU__C
ACACAAGACUAGGC,UGUGU_C_______,GUUCUAACACAAGA,UAAGAUUGUGU_C_,GCUUCCCUGUGUUA,_____G_ACACAAU,CUGUGUUAGAAUAG,_ACACAAUCUUGUC
GAGCCAGUGUGUAA,CU__GUCA______,UGAACUGAGCCAGU,ACU_GACU__GUCA,GAGAACUGAUAUCA,____UGAC___AGU,UGAUAUCAGCUCAG,AC___AGUC_AGUC
GGAGACACUUUUAC,CCUC_GUGA_____,GAAGUGGGAGACAC,CUUCACCCUC_GUG,AUAGUGGCUCCCAC,__UCAC_GAGGGUG,GCUCCCACUUCCAG,_GAGGGUGAAGGUC
GCAGUCUGCUUUGU,CGUCAG_UGGGGCA,GCUAGUGCAGUCUG,UGAUC_CGUCAG_U,GUGAUGACUGCCCU,CG___CUGACG_GA,ACUGCCCUAGUCUA,UGACG_GAUCGGA_
GCCCUUCUGCUUAC,CGGGAAGGUGG___,GAGGAAGCCCUUCU,CUCCUUCGGGAAGG,GUAUUGGAAGGGCU,CG___UCUUCCCGA,GAAGGGCUUCCUCU,CUUCCCGAAGGAGA
GCUCUCCUCCAGCU,CGAGAGGAGGUCG_,GUCUCAGCUCUCCU,CAGAGUCGAGAGGA,GGUCAGGAGAGCUG,CC__UCCUCUCGAC,GAGAGCUGAGACUA,CUCUCGACUCUGAU
GCUCUCCUGACCAG,CGAGAGGA__GGUC,GUCUCAGCUCUCCU,CAGAGUCGAGAGGA,CUGGAGGAGAGCUG,GACCUCCUCUCGAC,GAGAGCUGAGACUA,CUCUCGACUCUGAU
UGGGGAGCAUGAAC,AUCCCUC___CUU_,GAAGGGUGGGGAGC,CU_CCCAUCCCUC_,UUCUCACUCCCUAC,AAG___GAGGGGUG,CUCCCUACCCCUCC,GAGGGGUGGG_AG_
CUCCUUUGUGAUUU,GAGGAAACA__AG_,UGUUUUCUCCUUUG,AUAAAGGAGGAAAC,UGAGAACAAAGGAG,_UU__UGUUUCCUC,CAAAGGAGGAAAUA,GUUUCCUCUUUUGU
GUUCGCAUUAUUUA,____CGUAGUA___,UGGUGAGUUCGCAU,AC________CGUA,AAUGAUGCCCAAUA,_UAUUACG______,GCCCAAUACACGGU,CG______GUGCC_
AGGCGCUGUCUUGA,__CGUGACG__GCU,CGUGCCAGGCGCUG,_CACGG__CGUGAC,CGCGCAGUGCACGG,GU_UGUCGCG__CC,GUGCACGGCACUGG,CGCG__CCGUGAC_
CACGUCGCAUGCGC,GUGCG____G_GC_,CCGCCCCACGUCGC,GGCGGGGUGCG___,GAAAGCGUGGGGCG,U___UGCACCCCGC,GUGGGGCGGAGCUU,CACCCCGCCUCG_A
CACGUCGCAUGCGC,GUGCG____G_GC_,CCGCCCCACGUCGC,GGCGGGGUGCG___,GAAAGCGUGGGGCG,U___UGCACCCCGC,GUGGGGCGGAGCUU,CACCCCGCCUCG_A
CACGUCGCAUGCGC,GUGCG____G_GC_,CCGCCCCACGUCGC,GGCGGGGUGCG___,GAAAGCGUGGGGCG,U___UGCACCCCGC,GUGGGGCGGAGCUU,CACCCCGCCUCG_A
UGCUGGAGUCGCCU,ACGACCU_AG____,CACUGAUGCUGGAG,G_GAC_ACGACCU_,UCAUCACUCAGCAC,AG______GUCGU_,CUCAGCACCAGGAU,__GUCGU_GUCCUA
GUGGCUUCAACCAA,CACUGAA_UUG___,GUCUACGUGGCUUC,_AGG_GCACUGAA_,UUCAAAGUCACGCG,AA__UUCGGUGC_U,GUCACGCGGAGAGA,CGGUGC_UCU_UCU
GGAGACACUUUCAC,CCUC_GUGA_____,GAAGUGGGAGACAC,CUUCACCCUC_GUG,AUAGUGGCUCCCAC,__UCAC_GAGGGUG,GCUCCCACUUCCAG,_GAGGGUGAAGGUC
CUGAAGGUCACCAU,GG_UUCC_______,GUGUGGCUGAAGGU,_GUACCGG_UUCC_,GUUCUCCUUGGCCA,_____GGAAUCGGU,CUUGGCCAUGGGGC,GAAUCGGUGU__CG
GGUAGGAAUAUCCU,CCGUCCU___AGGA,GCCCUGGGUAGGAA,UGGG_CCCGUCCU_,CUGGAUCCCCUUGG,GAU____GGG__CC,CCCCUUGGGUCUGA,_GGG__CCCGG_CU
GUCCCCACGGCCCU,_AGG_GUGCUG___,AGCUACGUCCCCAC,__GAUG_AGG_GUG,UUGUCAGUGUGGAA,__CGG_CAC_CCU_,GUGUGGAAGGUAGA,CAC_CCU__CAUC_
AGUGGAAAAAGUUC,UC_CCUU_UUU___,UGUAGCAGUGGAAA,GC___GUC_CCUU_,UUUCUUCCUCUGAU,GAA_AAGG_GAC__,CCUCUGAUCGCCCU,GG_GAC__GU_GGA
AGGGCUGCGUGCCA,UCUCGACG_GC___,ACCAGGAGGGCUGC,__GUC_UCUCGACG,CCCGGGCAGCUCUG,__GU_CGUCGGGA_,CAGCUCUGCUGCUC,GUCGGGA_GAC___
ACAAGGUUUGUGUC,U__UCCAGACAUA_,AGGCGCACAAGGUU,_UCGCGU__UCCAG,CAGUCCACACCUUG,GUU_____UGGAAC,ACACCUUGCGCUAC,__UGGAACGCGG_G
CAAUCAUGUGUAAU,GUUAGUAUA_____,GGGAGGCAAUCAUG,CC____GUUAGUAU,AGAUAUGAUUGACA,__UGUACUAAC___,GAUUGACACCUCUG,CUAAC___GGAGA_
UGGACAAUAUGCUA,_CCUGU__UACGGU,AUACAAUGGACAAU,UGUGUU_CCUGU__,GUAUGGCAUUGUCC,__UAUCGUAACAGG,CAUUGUCCUUGCUG,GUAACAGGAAC_AU
CCUGGGUGAGAGUG,_GACCCAC__U_AC,UUGCUACCUGGGUG,AACG___GACCCAC,AUGCAGUGCACCCA,__CGU_A_GUGGGU,UGCACCCAGGCAAG,A_GUGGGUCCGUUC
CACGGCAGGGGGAG,G________UCU_C,CCAGGGCACGGCAG,_GUCCCG_______,CAGCGUCUGAGCCC,GUCG_GGG__CGGG,CUGAGCCCUGUCCU,GG__CGGGAC_GGA
GGAAGCCGCUCCCA,CCU_CGGC______,UAGCAAGGAAGCCG,AUUGU_CCU_CGGC,CUCACGGCCUCCGU,____GCCG_AGG_A,GCCUCCGUGUUACC,CG_AGG_ACGAU_G
UUUGUUCGUUGCAU,AAACAAG_A_____,UUUUUUUUUGUUCG,AAAAAAAAACAAG_,UUUAGGAACAAAAA,___U_CUUGUUUUU,AACAAAAAAAAAAG,UUGUUUUUUUUUUC
GCUGCCCCUUUGCU,CGAUGGGG______,CUGAAGGCUGCCCC,GACUUCCGAUGGGG,UCUGGGGUAGCCUU,___CCCCGUCGGAA,GUAGCCUUCAGAUC,CGUCGGAAGUCUAG
GAUAUGUUUGCCCC,CUGUGCGA______,ACUCAUGAUAUGUU,_GAG_ACUGUGCGA,CGUGUCACGAGGGC,GUAUAGU_CUC_CG,ACGAGGGCAUUUCA,U_CUC_CGUGAAGU
AGAUGGGAUUAGAA,_CUACUCUG_____,GUUGCAAGAUGGGA,C_ACG__CUACUCU,UAUGUCUCAUCAGC,___UAGGGUAG_CG,UCAUCAGCACCCUA,GGUAG_CGU__GAU
GUGCAGCCCGUGGU,CA_G__GGG_____,AGGCUGGUGCAGCC,UCC_ACCA_G__GG,GUGGUGGGGGACCA,_____CCCC_UGGU,GGGGACCAUCCUGC,CCC_UGGU_GGACG
AGGUGAGGCAGGGA,UCCACUC_GUC___,GAGCUCAGGUGAGG,CUC_AGUCCACUC_,GCUGAGCUCACCUG,_GAC__GAGUGGAC,CUCACCUGACCUCC,GAGUGGACU_GAGG
CAGGUGAGCUCAGC,GUCCACUC__GUC_,GGAGGUCAGGUGAG,CCUC_AGUCCACUC,CCCUGCCUCACCUG,__GAC_GAGUGGAC,CUCACCUGAGCUCC,GAGUGGACU_GAGG
UGCUCGGGUGGAUA,ACGAGUCUAUCU__,GCGUGGUGCUCGGG,C_CACCACGAGUCU,UCUGAUCUGAGCAC,AGG_UGGGCUCGUG,CUGAGCACCACACA,GGCUCGUGGUG_GU
CAUGAGUACCUUCC,G_ACUC____GAG_,UUCACUCAUGAGUA,AA_UGAG_ACUC__,CACGAGCUCUCAGG,___CUU__GAGU_C,CUCUCAGGAGUAAA,__GAGU_CUCA_UU
AGAAGGUUCUGCUG,_CUUCCAAGA____,UUGAGGAGAAGGUU,A_CUCU_CUUCCAA,GCUGAGAACCUUCC,____UCUUGGAAG_,AACCUUCCUCUCCA,UUGGAAG_GGAG_U
AGAUUUCUAUGAGA,UCUAAAGA___UCU,CUGUAGAGAUUUCU,GG_AUCUCUAAAGA,AUGAGAACAUCUCU,___UCUU_UAGAGA,ACAUCUCUAAGGAA,U_UAGAGAU_UCUU
UGCAGUGCUGGGCA,_UGUC_CGG_____,GAGCCCUGCAGUGC,CUCGGG_UGUC_CG,UGGGCUUCUCGUGG,__UCG__GA_CGCC,UCUCGUGGGCUCUG,_GA_CGCCCGAGAC
UGCUGUGUUGAAUG,ACG_CAC______U,AAACUCUGCUGUGU,UUUGAGACG_CAC_,UGAAUCACUGCAGA,G____GUG_CGUCU,ACUGCAGAGUUUGU,UG_CGUCUCAAACA
AAGGGGAGUUUCCC,UUCCCUU_______,GCAGGGAAGGGGAG,C__CCCUUCCCUU_,CUAUUCCCUUCCCC,___AGGGGAAGGG_,CCUUCCCCCCAGUA,GGAAGGG_GGU___
UUGUGCAAAUGCAA,AGUACGUUU_CG__,ACAGGAUUGUGCAA,_GUCC_AGUACGUU,AGUUGGCUUUUGCA,_____CG_AAACGU,CUUUUGCAUGACCC,G_AAACGUGUU_GG
UCUGUGCAGGGCCA,A_ACACGU_UC___,AUGCACUCUGUGCA,U_CGUGA_ACACGU,ACUGUGCACACAGU,_GG_ACGUGU_UCA,CACACAGUGCUUCA,GUGU_UCACG_AGU
UUAUCAUAAUAAAG,AGUAGUA_UGU___,CCUGUGUUAUCAUA,GGACAUAGUAGUA_,GGUGUCAUGAUGAU,__AUA_UACUAUUG,AUGAUGAUACAGGU,UACUAUUGUGUCCA
UCCAUAUGUAUGUA,AGGUAUACA__CAU,AGUCUUUCCAUAUG,UCAGAAAGGUAUAC,UUACACAUAUGGAA,_AUGUGUAUACCUU,AUAUGGAAAGACUU,UAUACCUUUCUGAA
CCUGGGAGGUGUGA,GGGUCCUUCGU___,AUGGUUCCUGGGAG,UGU_GAGGGUCCUU,GUGCUUCCUGGGAG,_GUGGAGGGUCCUU,CCUGGGAGGUGUGA,GGGUCCUU_GUACU
UCGGUACCCACUGC,A_CCA_GGGUGG__,GGAGACUCGGUACC,C_UCUGA_CCA_GG,GGUGGGGACCAAGU,UCACCC_UGG_UCA,GACCAAGUCUGCGU,_UGG_UCAGA_GUA
GAUACUGGAGCAAU,CU_UGAC_______,GGAGUGGAUACUGG,C__CACCU_UGAC_,AGAUACAGUUCCAC,_____GUCAAGGUG,AGUUCCACACUGAC,UCAAGGUG_GACUG
CCUGGGAGGUGUGA,GGGUCCUUCGUGC_,AUGGUUCCUGGGAG,UGU_GAGGGUCCUU,GUGCUUCCUGGGAG,UGUGGAGGGUCCUU,CCUGGGAGGUGUGA,GGGUCCUU_GUACU
GGUUAGUUGUGGAC,_CAAUCA_UAC___,AUUAUGGGUUAGUU,UAAUAC_CAAUCA_,CACAUACUAACGCA,__GUGUGAUUG_GU,CUAACGCAUAAUAU,GAUUG_GUAUUAUA
GAUGUCUGCCAAAA,CUACAGACGGUU__,GAUCUUGAUGUCUG,CUAGAACUACAGAC,CCUUGGCAGACAUC,__AACCGUCUGUAG,CAGACAUCAAGAUC,GUCUGUAGUUCUAG
CCCCAGCCUUGGCG,GG_GUCGGGAC___,GGAUCUCCCCAGCC,_CUAGAGG_GUCGG,CAGGUGCUGAGGAG,GUUC_CGAC_CCUC,CUGAGGAGAUCGUC,GAC_CCUCUAG_AG
CACAGCAGGGCUGG,GUGUC____CGA__,AGGUCCCACAGCAG,UUCAGGGUGUC___,UGGGACUUCUGGCC,ACCCUGGAGACCGG,UUCUGGCCUUGACU,GAGACCGGAACUGA
GGAGCCUGUCACAU,CCUC_GAC______,GAAAGUGGAGCCUG,UUUU_ACCUC_GAC,UCUCCAGACUCCAG,____GUC_GAGGU_,GACUCCAGUUUUAG,C_GAGGU_AAAGUC
UGCCUGUCCUAUGA,AUGGAC_GG_UAC_,CAUAUCUGCCUGUC,_UAUAGAUGGAC_G,AACAUGGCAGGUAG,__GUACCGUCCGUC,GCAGGUAGAUAUUU,CGUCCGUCUAUA_A
ACUUGCAGAAUUAA,UG__CGU_______,CUCAGGACUUGCAG,GA_UCCUG__CGU_,UGGAAUGCUGUCCU,_____ACG_CAGGA,GCUGUCCUAAGGUU,CG_CAGGA_UCCAA
CGCCUGCGGGCAGG,G__GGCG_______,AGGUUCCGCCUGCG,UCCAAGG__GGCG_,AGGAAGCGGAGGAA,_____CGUC_CCUU,CGGAGGAACCUUGG,GUC_CCUUGGAAUC
GAGGCAGGAGGCAG,CUC_GUUC__UG__,GAAACUGAGGCAGG,_U__GACUC_GUUC,AGUAACUUGCUCAG,_CG__GGACGAGUC,UUGCUCAGGUUGCA,GACGAGUC__A_GU
GGCUCUGGGGAUUU,CCGA_ACUCU____,GGGGCGGGCUCUGG,CCCUGCCCGA_ACU,GGUCUCACAGCCCG,__GGGGU_UCGGGC,ACAGCCCGGAUCCC,U_UCGGGC__GGGG
CUGAAAUAGGCUGC,GACUUUA__UGAC_,UGUUACCUGAAAUA,ACAAU_GACUUUA_,AACAGUAUUUCAGA,__GUCGUAAAGUC_,AUUUCAGAUAACAG,UAAAGUC_AUUGUC
ACCGAGAAGCGCCU,_GGCUUUUUGC___,AGGCCAACCGAGAA,UCCGGU_GGCUUUU,UCCCAUUUUCGGGC,_____AAGAGCC__,UUUCGGGCUGGCCU,AGAGCC__ACCGGA
CCCAUGCUGUUUAA,_GGUACGAU_____,UUUGUUCCCAUGCU,AAAC___GGUACGA,GCCUAGCAUAGGCA,___GUCGUA_CC__,CAUAGGCACCAAAA,GUA_CC___GUUUU
CCGUGCAAGUUUAA,GGCACGUUU_____,CUUUUGCCGUGCAA,GAAAACGGCACGUU,GUUUUUGCACGGCA,___GAACGUGCCGU,GCACGGCAAAAGAA,CGUGCCGUUUUCUU
CCUUGGCUUCAAUU,GGGACC________,CCAUUCCCUUGGCU,GGU___GGGACC__,UUACUCCCAGGGCU,______GGUUCC_A,CCAGGGCUGGCAGU,GGUUCC_ACCGUC_
AGACACAAAUAUGG,UC_GUGUUU_____,AUGAUCAGACACAA,UACUGGUC_GUGUU,UGGCUCUUUGUGGC,______AAACAC_G,UUUGUGGCUGGUCA,AAACAC_GACUAGU
UGUCCAAAUCAGAA,ACAGGUUUAG____,GUUUUCUGUCCAAA,CAAAAGACAGGUUU,AAAGGAUUUGGACA,____CUAAACCUGU,UUUGGACAGAAAAC,AAACCUGUCUUUUG
UGUCUCACUGCAGA,ACAGAGU_______,UGAACCUGUCUCAC,AUU_GGACAGAGU_,AUUAUUUUGAGACA,_______ACUCUGU,UUGAGACAGGCUUA,_ACUCUGUCC_AGU
CAAUGAAGACAUGA,GUUACUUCUGUA__,GCAGUCCAAUGAAG,CGUCAGGUUACUUC,UGUCUUCAUUGGAC,ACAGAAGUAACCUG,CAUUGGACUGCUGA,GUAACCUGACGACU
GCUCCUCCACAAAU,CGAGGAGGUGU___,UGGCUAGCUCCUCC,ACCGAUCGAGGAGG,CGUGUGGAGGAGCU,__ACACCUCCUCGA,GAGGAGCUAGCCAG,CUCCUCGAUCGGUC
GACAAGUCCGGCUC,C____C__GCC_AG,GCGGUGGACAAGUC,CGCCG_C____C__,UCCAGAACCUGGAC,AGGUC___GACCU_,ACCUGGACACCGCU,__GACCU__GGC__
AGAUUGAUGUCAGG,UCU_ACU_____CC,AGGCUGAGAUUGAU,UUC_ACUCU_ACU_,CAUAACCUCACUCU,_UAUUGGAGU_AGA,CUCACUCUCACCUU,GAGU_AGAGU_GGA
UGGUGGGUGGGAAG,_CCACCCACCCU__,AGCAGCUGGUGGGU,UUGUC__CCACCCA,UCCCACCCACCCCC,AGGGUGGGUGG__G,CCACCCCCUGUUUC,GGUGG__GACGAGG
AUAUUGUCUCCUCA,_AUGACAGAG_AG_,CAAGAAAUAUUGUC,GUUCUU_AUGACAG,UGCGACGAGACAGU,___CU_CUCUGUUA,GAGACAGUAGUUCU,CUCUGUUAU_AAGA
UGAGGGACAUUGCG,_CUCCCUGU_AC__,AGGAGCUGAGGGAC,_CCU___CUCCCUG,GUCUCACAUUGUCC,_AGAG_GU_ACAGG,CAUUGUCCCUCUCC,GU_ACAGGGAGAGG
CUCAGAGGGGCUGG,GAGUCUC_UC_AU_,UGGGCUCUCAGAGG,GUCCG_GAGUCUC_,GUACUGCUCUGAGG,_GUGG_GAGACUCC,CUCUGAGGCCUGCC,GAGACUCCGGGUGG
CUACCUUCCAAGGC,GAUGGAAG______,CUCUUUCUACCUUC,GAG_AAGAUGGAAG,GCUCAGAAGGUAGA,_____CUUCCAUCU,AAGGUAGAAUGAGG,UUCCAUCUU_CUCC
CUACCUUCCAAGGC,GAUGGAAG______,CUCUUUCUACCUUC,GAG_AAGAUGGAAG,GCUCAGAAGGUAGA,_____CUUCCAUCU,AAGGUAGAAUGAGG,UUCCAUCUU_CUCC
AGAACUAACUAACC,UCUUG_________,GUUAAUAGAACUAA,CAAUUGUCUUG___,CUAUUUUGUUCUGU,_______CAAGAUA,UGUUCUGUUAACCC,_CAAGAUAAUUGG_
UAACACCAAAGGGU,AUUG_GGU__CUCG,AAGGCUUAACACCA,UU__GAAUUG_GGU,UUUGCUCUGGAGUU,___UGGGACC_CAA,CUGGAGUUAAGGGU,GACC_CAAUUC__A
AGGGUCGUGGGAAA,UCCCAGU_______,UGGCAGAGGGUCGU,ACUG_CUCCCAGU_,AGUGUUGACCCUCG,_____GCUGGGAGC,GACCCUCGUCAGGU,CUGGGAGCGGU__A
AGAAAACUUUGGAG,UCUUUU_AAA____,CUAAGAAGAAAACU,GAUUCUUCUUUU_A,GAAAAAUUUUCUUC,__UUU_AAAAGAAG,UUUUCUUCUUAGAC,AAAAGAAGAAUCUG
UCCUGACAGACAGC,AGGAC_GUC_____,UGUGGAUCCUGACA,ACACCUAGGAC_GU,UGAUAGACAGGAUC,AC_____GUCCUAG,ACAGGAUCCACAGA,_GUCCUAGGUGUCU
UCUUUAGCUAUUCU,AGAAAUC_GUAA__,UGUCCAUCUUUAGC,ACAG_UAGAAAUC_,AAUGCCUAAAGAUA,UUAU_GAUUUCUA_,UAAAGAUAGACAAU,AUUUCUA_CUGUUA
AGAAGAAAAUUUUU,UCUUCUUUUGAAA_,UGUCUAAGAAGAAA,ACAGAUUCUUCUUU,CCAAAGUUUUCUUC,__UUUUAAAAGAAG,UUUUCUUCUUAGAC,AAAAGAAGAAUCUG
GCAAGUUAUCACUG,C_UUCAG_AG___C,CACUCCGCAAGUUA,GU__GGC_UUCAG_,UGAGCGACUUCCGG,_CU__UUGAA_GCC,ACUUCCGGUCUGUG,UGAA_GCC__AC_C
CGCGAGCCGCUUCC,GCGCUCGGC_____,CGUGAGCGCGAGCC,GCG__CGCGCUCGG,CUCACGGCUCGGCC,____GCCGAGC__G,GCUCGGCCGCGGCG,CGAGC__GCG_UGC
GUAUGCCUACAAAA,CAUACGG_______,CAGAUUGUAUGCCU,GUCUAACAUACGG_,AGACUGGCAUACAA,_____CCGUAUGUU,GCAUACAAUCUGAC,CGUAUGUUAGACUG
GAGAACCCAAGAAA,CUC__GGGUUC___,CAGAAGGAGAACCC,GUCUUCCUC__GGG,UUGGAGGUCCCUCC,AACC_C____GAGG,GUCCCUCCUUCUGU,____GAGGAAGACA
AUUUGUCUUGUAGC,UAAA_AGAA__UU_,AAAAGGAUUUGUCU,UUUUCCUAAA_AGA,UUUUAAAGAAAAUC,_GA__UUCUUUUAG,AGAAAAUCCUUUUU,UCUUUUAGGAAAAA
AUUCUCGGUUGGCC,UAAGAGCCAG____,GCCACAAUUCUCGG,U_G_GUUAAGAGCC,UCGUACAAGAAUUG,_GC____UCUUAAC,AAGAAUUGCGUUUG,_UCUUAAC_C_GAC
AACUUCACAGACUC,UUGAAGU__CUGA_,UGAUGUAACUUCAC,ACUACAUUGAAGU_,AAAAGUCUGAAGUU,___UCAGACUUCAA,CUGAAGUUACAUCA,GACUUCAAUGUAGU
CUAAUCUCUUAGCA,GAUUAGAG______,UGUGCGCUAAUCUC,AUACGUGAUUAGAG,CUGAAGAUUAGUGC,__C_UCUAAUCGCG,AUUAGUGCAUAGUC,UAAUCGCGUGUCAG
ACAGUGAGUUGAUU,UGUCACUC__C___,GGUGAGACAGUGAG,CCACUUUGUCACUC,UACUUCUCACUGUU,__G__GAGUGACAG,UCACUGUUUCACCA,AGUGACAGAGUGGU
UCAGCCAUGACCUG,_GUC_GU_CU____,GGUCUUUCAGCCAU,CCAGAG_GUC_GU_,CCUUCUGUCUGUGA,___AGAC_GAC_UU,GUCUGUGAGACCAA,C_GAC_UUCUGGUU
UAGAUGUUAUAAAA,GUCUAUA_UAU___,CAGUCUUAGAUGUU,GUUA_AGUCUAUA_,AUAUAUAUCUGAAU,_AUAUGUAGAUUUG,AUCUGAAUUGUAAG,UAGAUUUGACGUUC
CAACAUACAUUUGU,GUUGUGUG______,GACUUGCAACAUAC,CUGAACGUUGUGUG,CUUGGUGUGUUGCA,____CAUACAACGU,GUGUUGCAAGUCGG,UACAACGUUCAGUC
CAAGGUUGUUGGUG,__UCC__CGGU___,GUGGGGCAAGGUUG,__UCCC__UCC__C,GGCUUCCUCUCCCU,UUG__GGA__GGGG,CUCUCCCUUCCUGC,GA__GGGGAGG_CG
ACCCAAACUUGGAG,U_GGUUU__A_UU_,UCCCGCACCCAAAC,AGG_UGU_GGUUU_,UGACCUUUGGCUGU,G_U__AAACC_ACG,UUGGCUGUUGGAGG,AACC_ACG_CCUCC
GGGUGGGCCUCUGC,UCC_CCCGG_____,GCCCCCGGGUGGGC,C_GGGGUCC_CCCG,CUGGCCCCUCCUGG,__CCGGG__GGGCC,CCUCCUGGGGCCCG,G__GGGCCCC_GGC
GGCUGAACCCGUGG,CCGAC_UGGG____,AGGCUGGGCUGAAC,_UCGACCCGAC_UG,GAGGAGUGCAGCCC,__CC_CA_GUCGGG,UGCAGCCCAGCUGA,A_GUCGGGUCGG__
GCUGCGGCCCUGAU,CGAC_UC____CU_,CCAUGAGCUGCGGC,GG_AC_CGAC_UC_,CUCUACUCCAGCCA,_AG__GG_GUCGGU,UCCAGCCACGGACU,G_GUCGGU_CC_GA
UGUCACAAAUUCAA,A_AGUG________,UUUCACUGUCACAA,AAGGUGA_AGUG__,AAUAAAGUGAGAGU,______CACU_UCA,GUGAGAGUGGAAUU,CACU_UCACUUUAA
CAUUUGCCUCUCUC,GUAAAC_GAGA___,CCUAUCCAUUUGCC,GGA_AGGUAAAC_G,AUAGAGUCAAAUGG,__UCUC_GUUUACC,UCAAAUGGACAGGA,_GUUUACCU_UCCU
GAGCAGGCGGGGCA,CU_GUCCG__CCGU,GUGGGCGAGCAGGC,CGCCC_CU_GUCCG,AUGGGCCUGAUCUC,____CGGAC_AG_G,CUGAUCUCACCGCU,GAC_AG_G_GGUGA
UGACGUGAAGGGAC,ACUGUACUUCCC__,AGUCACUGACGUGA,UCAGUGACUGUACU,CGCUUCAUGUCAGU,G_GAAGUGCAGUCA,AUGUCAGUGACUCC,UGCAGUCACUGA__
AAGUUCCUGAUUAA,UUUAAGG_______,CAGAGUAAGUUCCU,GUCUCAUUUAAGG_,GAAAUGGAAUUUAC,_____CCUUGAAUG,GAAUUUACUCUGCA,CUUGAAUGAGACGU
AGUGUGUCCUGAAA,_CA__CAGGAC___,GAGGACAGUGUGUC,CUCCU__CA__CAG,UGAAAUUCACAGGA,AC_______GUCCU,UCACAGGACUGACU,___GUCCUG__UGA
ACCCCUUGUGAAUG,UGGGGAACG_____,ACACCUACCCCUUG,UGUGGGUGGGGAAC,UCGGGCAAUGGGUG,____UGUU_CCC_C,AAUGGGUGAUGGGU,UU_CCC_C_AUCCA
AUAUAGUGUGUUUG,_AUGUCACGU____,GUACAAAUAUAGUG,UAUGUU_AUGUCAC,UUUGCACUGUAGUU,__GUGUGAUAU_AA,CUGUAGUUGUAUUG,GAUAU_AACAUGAC
AGUGAUUGUCUUCC,U_ACUAAC______,CAUGUGAGUGAUUG,_UACACU_ACUAAC,CACUCAAUCAGUCA,____GUUAGU_AGU,AUCAGUCACAUAUC,UAGU_AGUGUA_GG
GUUCUGGGGUGUAG,C__GACC___CGUC,GGGCGGGUUCUGGG,CCCGCCC__GACC_,GCUGGCCAGCCCGC,UG___GGUCGGGCG,CAGCCCGCCCCAGC,GUCGGGCGGG__CG
GCUCCUUGAACAGG,CGAGGAG______U,CGCCUUGCUCCUUG,GCGGAACGAGGAG_,CAGGAGGAGCAAGG,___UUCCUCGUUCC,GAGCAAGGCGGCAU,CUCGUUCCGCCGUA
UCUCCAAUGGUAUC,AGA_GUUGCU_UAG,ACUUGCUCUCCAAU,UGGA_GAGA_GUUG,UGAUUCGUUGAAGA,_CUAGGUAAC_UCU,GUUGAAGAGGAGGU,UAAC_UCUC_UUCA
UUUCACAAUUGCGC,_AAGUGU_AA_G__,UAAACAUUUCACAA,A_UUGU_AAGUGU_,AGAACUGUUGAACU,_CUU_AC_ACUU_A,GUUGAACUGUUAAG,C_ACUU_ACAA_UC
ACAUGAGCCCUUUG,UGUGCUC_GGAA__,CAGAAGACAUGAGC,GUCUUCUGUGCUC_,AAGGUCUCGUGUCU,UUCC_GAGUACAGA,UCGUGUCUUCUGGC,AGUACAGAAGACCG
UCAUUUCCUUCAUG,AGUAAAG______U,GGUCUCUCAUUUCC,CCAGAGAGUAAAG_,ACUUUGAAAUGAGA,U_AG_CUUUACUCU,AAAUGAGAGACCUG,UUUACUCUCUGGAC
GCUCCCAUAAGGGU,C_AGGGUA______,UACCAGGCUCCCAU,A__G_CC_AGGGUA,GGUCGAAUGGGAUC,______UACCCU_G,AUGGGAUCCAGACA,UACCCU_GG_C__U
GGUUGAUGUCAGAA,CCAACUG_AGU___,CCCUUAGGUUGAUG,G_GGAUCCAACUG_,AGGUGUACCAACCU,U_UA____GUUGGA,ACCAACCUAGGUGG,__GUUGGAUUC_CC
AAGGUGGCUAAUCA,UUCCACCG__UAG_,GCAGUUAAGGUGGC,CGUCAAUUCCACCG,GCUGAUGGUGCCAC,___CUA___CGGUG,GGUGCCACCUUAAC,___CGGUGGAAUUG
CCCUUCUGUAUACA,GGGAAGGCAUAU__,CCUUCCCCCUUCUG,GGAAGGGGGAAGGC,CAGGAGGAAGGGGG,G____UCUUCCCCC,GAAGGGGGAAGGAA,CUUCCCCCUUCCUU
CAUGUGUAGGGGUG,GUACACAUC_____,GCCACCCAUGUGUA,CGGUGGGUACACAU,GGUGGCUACACAUG,_____GAUGUGUAC,UACACAUGGGUGGC,AUGUGUACCCACCG
AUAACUUAAGCACC,UGUUGAAUUCGUGG,UUUGGUAUAACUUA,GAACCAUGUUGAAU,AAUCUGGUGCUUAA,_UGGACCACGAAUU,GUGCUUAAGUUGUA,CACGAAUUCAAUAU
CAGGUUGGCUGGGC,_UCCAGCCGG____,CUGUGCCAGGUUGG,GAC_CG_UCCAGCC,AGGCCUGACCUGCC,_UCGG_UUGGACGG,GACCUGCCAGCACC,UUGGACGGUCG_GG
UGUCCAAAUCCUUU,ACAGGUUUAG____,GUUUUCUGUCCAAA,CAAAAGACAGGUUU,UUUCUGAUUUGGAC,_____CUAAACCUG,AUUUGGACAGAAAA,UAAACCUGUCUUUU
AAGAGCACCUCCUA,__C_CGUGGA__AU,UGAGAUAAGAGCAC,_CUCU___C_CGUG,AAAGGUGCCCUCUC,U_UCCACGG_AGAG,GCCCUCUCUGGCUC,CGG_AGAGACCGAG
AGCUUCGUGUACAU,_UGAAGUA______,GGAGUGAGCUUCGU,CUUC_C_UGAAGUA,AAAUGAAGUACCUU,__UGCUUCG_GGAG,AGUACCUUCUGGUU,UCG_GGAGGACCAA
UCCCACCCACCAGG,AGGGUG___GGU_C,CAGCCUUCCCACCC,__CGGAAGGGUG__,UGGGCUGUGGGGAA,ACC___CA_CCCUU,GUGGGGAAGGCGUC,CA_CCCUUCCG__G
GGAGUGGUCGGGUC,CC_CAUCAGC___G,GAGCCUGGAGUGGU,CUUGGACC_CAUCA,CGACUGAACCCAGG,GCUGG__UGGGUCC,AACCCAGGUUCCCU,_UGGGUCCGA_GGA
ACAGUGGCAGAUUU,UG_UACC_______,GCUUCCACAGUGGC,CGAAGGUG_UACC_,UUUUCCCAUAGUGG,_____GGUG_CA_C,CAUAGUGGGAAGCU,GUG_CA_CCUUCGA
GCAAGCACACAGGG,CGU_CG___GUC__,GAGGCAGCAAGCAC,CUCCGUCGU_CG__,GGACUAGCAUGCUG,______CG_ACGAC,GCAUGCUGACCUCC,CG_ACGAC_GGAG_
GAGUGUGCAGUCAU,C_CACAC_______,CCACAUGAGUGUGC,GGUG_AC_CACAC_,UCAUCCACACACAA,_____GUGUG_GU_,ACACACAAGUGGCC,UGUG_GU_CACCGG
GGAAGCUGUGUGUG,CC__CGAC______,GGAGCAGGAAGCUG,CU__GUCC__CGAC,GUGUCCAGCCCUGA,_____GUCGGGAC_,AGCCCUGACCUGUC,UCGGGAC_____GG
CCCGGUGGCAAUCA,GG_CCACCG_____,GCUAGACCCGGUGG,CGAUCUGG_CCACC,GGUCUAGCCACCAG,______CGGUGG_C,GCCACCAGGUCUAG,CGGUGG_CCAGAUC
UUCGGUAUUCAUCA,AA_CCAUAA_____,AACACCUUCGGUAU,U_GUGGAA_CCAUA,AAAUACCAAAGGUG,_UUAUGG_UUCCAC,CAAAGGUGCUCAAA,G_UUCCAC_AGUUU
UGUGCAAAACUCCG,ACACGUUUU___GU,UUGUGGUGUGCAAA,AACGUCACACGUUU,UGCUAUUUUGCCAC,GC___AAAAC_GUG,UUUGCCACACUGCA,AAAC_GUGUGGUGU
GUUUCAUAGGGAAG,CAAAGUA_CCUUU_,UUUUCAGUUUCAUA,GAG_GUCAAAGUA_,CUUUCCAUGAAACU,_AAGGGUACUUUGA,AUGAAACUGGAGCG,UACUUUGACUUUGC
GGGCAGGGAGUCAG,CCCG_CC___GG__,CCUCUCGGGCAGGG,GGAGAGCCCG_CC_,GGGGACCGCCCGAG,_CU__GGCGGGCUC,CGCCCGAGAGGAUC,GCGGGCUCUCCUAG
UUACAGAUACUUUU,_AUGUCUAU_AAA_,GGAUAUUUACAGAU,CU_____AUGUCUA,UUAAAUAUCUGUAU,AAUUUAUAGACAU_,AUCUGUAUUCUCCU,UAGACAU___GGGA
GAGGCAUGAAUGAG,UUCCGUACUU_CU_,GGACAGGAGGCAUG,UCUGUCUUCCGUAC,CAAUGCCUUUCUGU,__UACGG_AGGACA,CUUUCUGUCUUUUC,G_AGGACAGGG_AG
CGUUUGAUAGUUUA,_CAAAC___CA___,UAAUGGCGUUUGAU,GUUACC_CAAAC__,UAGACACAAACACC,___UG_GUUUG_GG,CAAACACCAUUGUC,GUUUG_GGUAAUAG
GACGGCGCCCGCCC,C_GUC_CGG_____,UCCCGGGACGGCGC,AGGGCCC_GUC_CG,CUGGCCCUGGCCCG,__CCG_GGC_GGGC,CUGGCCCGGCGACG,GGC_GGGCC_CU_C
CUGCAGAGGCAUCG,G_CG___CUG____,GAGAACCUGCAGAG,CUC_UGG_CG___C,UCGGGUCAGCGGUG,____CGG_CGCCA_,CAGCGGUGCUCCUG,G_CGCCA_GAGGAC
GUCUUAGCACGGGG,CGGAAUC_UG___C,GGCUUGGUCUUAGC,UCGGGCCGGAAUC_,GGGGUCUAAGGCCC,___CAGAUUCU_GG,UAAGGCCCGGGCUU,AUUCU_GGUUCGGA
GGGCAUCUAGGCUG,CCCG_AG___UGAC,AGGCCAGGGCAUCU,UCC___CCCG_AG_,ACAGUGACGCCCCU,_GUCGCU_CGGG__,ACGCCCCUCCUGCC,U_CGGG__GGAC_G
AGAACAGAUAUAUC,UCUUGUC______G,AGGAAGAGAACAGA,UCUUUCUCUUGUC_,UUGGCUGUUCUCUU,AACCGACAAGAGAA,GUUCUCUUUCUUUA,CAAGAGAAGGAAA_
GCACUUUCACCAGA,CGUGAAAG______,AUGGCGGCACUUUC,_ACC_CCGUGAAAG,GAGCAGAAAGUGCC,_____CUUUCACGG,AAAGUGCCCCCACA,UUUCACGG_GGU__
UGGCUUUGGCAUCU,ACCGAAA_U_____,AGAGCCUGGCUUUG,UCUCGGACCGAAA_,CUAUGAAAGCCAGG,___G_UUUCGGUCC,AAGCCAGGCUCUGA,UUCGGUCCGAGACU
AUGUUCACGUGGAG,UACAA_UG_G____,GCUGUGAUGUUCAC,CG_CACUACAA_UG,GGAGUUAAACAUCA,_U_CA__UUGUAGU,AAACAUCACUGCAA,_UUGUAGUG_CGUU
CUCUGCUGCCGAUU,GAGAC_ACG_____,CUCACUCUCUGCUG,_GGU_AGAGAC_AC,UUCUGCACCAGAGA,____CGU_GUCUCU,ACCAGAGAUGGUUG,U_GUCUCUACU_GC
ACGGUGUCUGCGGG,U_CCA_AGG_____,GACGUCACGGUGUC,CUGCAGU_CCA_AG,AGGAGACCAUGACG,_UCU_UGG_ACUGC,CCAUGACGUCACAG,GG_ACUGCAGUGUC
GGGGCUGGAGUAAG,CCCCG___UCG__C,GCCGGUGGGGCUGG,CG_CCACCCCG___,CCGGGGCUGCCCCA,GG___UGACGGGGU,CUGCCCCACCUGCU,GACGGGGUGG_CGA
AAGUUAGAAUUCUU,UU_AAUC_______,AACAUGAAGUUAGA,UUGUACUU_AAUC_,CAAAACUAAAUUCA,_____GAUU_AAGU,UAAAUUCAUGUUCA,AUU_AAGUACAAGU
CCUGACCCGUUGUC,GGG__GGGCGG__G,UGCAUGCCUGACCC,GCGUACGGG__GGG,GGGCAGGGAGGGCA,_UUG_CCC_UCCGU,GGAGGGCAUGCGCA,CC_UCCGUACGUGU
GAAGCCUUGAUCAG,CUUCGGAA______,UGAUCAGAAGCCUU,ACUAGUCUUCGGAA,AGGAAGGCUUCUGA,___UUCCGAAGACU,GCUUCUGAUCAAGA,CGAAGACUAGUUCU
UCCUGCUCUGGUGA,__GACG_GACCGC_,CAGCCCUCCUGCUC,G_______GACG_G,GACCGCCAGGCAGG,___GUGGUCCGUCC,CAGGCAGGGGCUGG,GUCCGUCCCCG_CC
GUUAUCUGUCACCA,CAAU_GAC_G____,GAAGGAGUUAUCUG,UUUCCUCAAU_GAC,CAGUCAGUUAACUC,__C_GUC_AUUGAG,GUUAACUCCUUUCA,C_AUUGAGGAAGGU
UGGUGUUUAUUUUU,AC_AUAAAU_____,AGCAGUUGGUGUUU,UCGUUAAC_AUAAA,UUACUAAAUAGCAA,____AUUUGU_GUU,AAUAGCAAUUGCUC,UUGU_GUUGACGAG
CAUGGAUAUGGGAA,G_ACCUGUA_U___,GGAUCCCAUGGAUA,CCUAGGG_ACCUGU,GUGAUGUCCAGGAG,_G_UAUAGGUCC_C,UCCAGGAGAUCCAG,AGGUCC_CUAGGUC
GUAUGAGCUAAAAA,CGU_CUCGA_____,GAGAAGGUAUGAGC,C_CU_CCGU_CUCG,CCCAAGCUCUGCCA,____UCGAGAUGG_,CUCUGCCAUCCUCC,GAGAUGG_AGGAGG
GCAGACUGUCUUCC,CGUC_GAUA_____,AAAAUUGCAGACUG,UUU_AACGUC_GAU,CAAAUAGCCUGCAA,___UGUC_GACGUU,GCCUGCAACUUUGC,C_GACGUU_AAACG
GUAAUAACUGACAA,CGUUA__GAC____,UAGUAGGUAAUAAC,A__AUCCGUUA__G,ACAGACAAUUGCCU,_GUC___UAAUGGA,AAUUGCCUAACAUG,_UAAUGGAU__UGU
AAGGGCUCUCCUGA,UUCCCGAGA_GAC_,GAUGGCAAGGGCUC,CUACCGUUCCCGAG,UAGAGCCCUUGCCA,_UCUCGGGAACGGU,CCUUGCCAUCCUGG,GGAACGGUAGGACC
AAGGGCUCUACUGU,UUCCCGAGA_GAC_,GAUGGCAAGGGCUC,CUACCGUUCCCGAG,GAGAGCCCUUGCCA,_UCUCGGGAACGGU,CCUUGCCAUCCUGG,GGAACGGUAGGACC
AUAUAUAUACCUCA,UG_GUAUAUG____,AGAGAUAUAUAUAU,UC__UAUG_GUAUA,AUAUGGUAUACCUC,UAUAUUAUA__GAG,UAUACCUCAUCUAG,AUA__GAGUAGAUC
GAAGAGGUAAGAAG,CUUCUCC_______,AAGGAAGAAGAGGU,UUCCUUCUUCUCC_,GAAGCCCUCUUCUU,_____GGAGAAGAA,CUCUUCUUCCUUUG,GAGAAGAAGGAAAU
CCCUGCCCAAAUGG,GGGACGGG______,UGCCUGCCCUGCCC,A_GGACGGGACGGG,CGAGGGGCAGGGCA,GU__CCCGUCCCGU,GCAGGGCAGGAAGA,CGUCCCGUCC_UCU
AUAUUGGGCCAAUU,UGUAACCC______,AUUCCAAUAUUGGG,UAAGGUUGUAACCC,UUCCCCCAAUGUUG,____GGGUUAUAAC,CAAUGUUGGAAUCC,GUUAUAACCUUAGG
CAAUCAAGAAAAGA,GUUAGUUCUU____,UGAAGACAAUCAAG,ACUUCUGUUAGUUC,GUGUUCUUGAUUGU,___AAGAACUAACA,UUGAUUGUCUUCAU,AACUAACAGAAGUA
CCGGGCUGAUUGCG,G_CCCGG_UGAC__,CAGCUCCCGGGCUG,GUUG_GG_CCCGG_,ACAGUGGCCCCGGU,_GUUAUCGGG_CC_,GCCCCGGUGUUGGG,CGGG_CC_CGA_CC
ACUUAAAGAGUAUU,UGA____CUCA___,UAGAUCACUUAAAG,AUCUAGUGA____C,UUCAACAUCAGAUG,____UG_AGUC_AC,AUCAGAUGAUCUAA,_AGUC_ACUAGAUU
UUGGCUCUGGGUCC,AG_CGAGAUUC___,UUAGCCUUGGCUCU,A__CGGAG_CGAGA,UCCUUAGAGCAGAG,__GGGUCUCG_UUC,GAGCAGAGGCAGAG,CUCG_UUCCGU_UC
AUGCACCACUCUCC,___GUGG_GAG___,GACUGGAUGCACCA,U_GACC___GUGG_,GAUGAGGUGAAGCC,CU_C_CCAC___GG,GUGAAGCCAGCUCU,CAC___GGUC_GGA
GCAUCCCGGACGGC,_GUAGGG__UG___,GCGGCGGCAUCCCG,CGCCGC_GUAGGG_,UGUGAGGGAUGCGC,_CA__CCCUACGCG,GGAUGCGCCGCCCA,CCUACGCGGCGG__
GUGUAUGUGUAAAU,CACAUAUACA____,UGAUAUGUGUAUGU,AC_AUACACAUAUA,AUAUCCACACACAU,UGUA____UGUGUA,ACACACAUAGCAGG,__UGUGUAU_GUCC
UCAUGUUCACUGAA,AGUACAA___AUUU,UACCAUUCAUGUUC,AUGGUAAGUACAA_,AAAAACAUGAAUGG,U__UUGUACUUACC,AUGAAUGGUAAAGC,UACUUACCAUUUCG
GCAGAGGGAGGCCA,CGUCUCC_______,CACAGGGCAGAGGG,_UGUC_CGUCUCC_,GAAGACCUCUGCAC,_____GGAGACG_G,CUCUGCACUGUGAG,GAGACG_GACACUC
AUAUUGACACUAUA,UAUAACUGU_AUA_,CUAAUAAUAUUGAC,GAUUAUUAUAACUG,AAUGUCAAUAUUAU,U_ACAGUUAUAAUA,AAUAUUAUUAGCCA,UUAUAAUAAUCGGU
ACUUUACUUUUGGC,UGAAAUGA__ACUG,UCUGUCACUUUACU,AGACGGUGAAAUGA,AUUGCAGUAAAGUG,U____UCAUUUCAC,GUAAAGUGGCAGAG,CAUUUCACUGUCUC
UACUGAAAGGUUUU,AUGACU_UCU____,GCCACUUACUGAAA,CGGUGAAUGACU_U,UUUUUUCUCUCAGU,_____GGA_AGUCA,CUCUCAGUAAGUGG,GA_AGUCAUUCACC
GAAUUGGCUUUUAC,CU_AACCGAAA___,CUUUGUGAAUUGGC,GAAGCACU_AACCG,AAAGACCAACUCAC,UUUC_GGUU_AGUG,CAACUCACGAAGUA,GUU_AGUGUUUCAU
GCCAGUCCUGAGAU,CGGUCAGGG_____,CAGCAUGCCAGUCC,GUCGUACGGUCAGG,UGCAGGGACUGGCA,____UCCUGACCGU,GACUGGCAUGCUGC,CUGACCGUACGACG
UCCAUAUGUGUAAC,AGGUAUACAUA___,AGUCUUUCCAUAUG,UCAGAAAGGUAUAC,ACAUACAUAUGGAA,__UGUGUAUACCUU,AUAUGGAAAGACUU,UAUACCUUUCUGAA
GGAAGGAAGGCAAG,CCU_CCUUCUGU__,GAGGAAGGAAGGAA,CUCCU_CCU_CCUU,GUCUGUCCAUCCGU,CGGA_AGG_AGG_A,CCAUCCGUCCGUCU,GG_AGG_AGG_AG_
CCAUGUUAGUGUUC,GGUACA_UC_____,UCUAGACCAUGUUA,AGGU__GGUACA_U,UCAAGUCUACAUGG,______GAUGUACC,CUACAUGGAUGGAA,GAUGUACC_AUC_U
UAAGCAAGGUGCGU,AUUCGUUCUAUG__,UAAGGUUAAGCAAG,GUUCCAAUUCGUUC,CGUAUCUUGCUUAA,_CGUGGAACGAAUU,UUGCUUAACCUUGC,AACGAAUUGGAAUG
CCUGAGUAACUUGU,GGACUCA_______,AGUGUUCCUGAGUA,UCACA_GGACUCA_,UUAUAACUCAGGAC,_____UGAGUCCUG,CUCAGGACACUUCU,GAGUCCUGUGAAGA
GGUGGAAGGGAGCC,UC_CCUUUCCUU__,GCAGGAGGUGGAAG,U__CUUUC_CCUUU,AACUUCCUUUCCCU,___GAGGGAAGGGG,CUUUCCCUUUCCAU,GGAAGGGGAGG__G
CAAAAUUCAUGGCC,GUUUUAGGU__CG_,GCAGAGCAAAAUUC,C_UCUUGUUUUAGG,CACUGGAUUUUGUG,G__ACUUAAAACG_,AUUUUGUGUCUCCC,UAAAACG_AGA_GG
AUGGAGGUGAUGGG,U_CCUCC_C_ACUC,GAUUGGAUGGAGGU,UU__CUU_CCUCC_,CUCACCCUCCCUUC,GGGUGGGAGG_AGG,CUCCCUUCUUCCUG,GAGG_AGGAGGGAC
UAGCAUCCUUGGAA,AUCGUAGGGA_CU_,UCUGAGUAGCAUCC,AGGCUCAUCGUAGG,UCAAGGGAUGCUAC,AG_UUCCUACGAUG,GAUGCUACUCGGAA,CUACGAUGAGUCUU
AAGUGGAGCAGGAA,_UCACCUC_UUUU_,GGAUUGAAGUGGAG,CCUAA__UCACCUC,UUUCUCCACUGAAU,GGAGAGGUGA_UUA,CACUGAAUCCUCUU,GUGA_UUAGG_GAG
GGACAGGCUGGCCU,CC_GUCC____GG_,GCGGAUGGACAGGC,UGCC_ACC_GUCC_,GAUGACCUGCCAAC,C____GGACGGU_G,CUGCCAACCGUCAG,GACGGU_GGCGG_C
UGGAUGGGAGACCU,ACCUACCC______,GGCAACUGGAUGGG,CU_UUGACCUACCC,CUGACCCAUCCAGU,____GGGUAGGUCA,CAUCCAGUUCUCUG,GUAGGUCAA_GGA_
GGUUGGGGAACAGG,CUA_CU______UC,GACGAGGGUUGGGG,CUGCUCCUA_CU__,UAGCACUUCAUCCU,___GUGGGGUGGGA,UUCAUCCUCGUCUC,GGGUGGGAGCAGGG
UUCUUGAAUUUUUG,AAGAACUUGA____,AACUCAUUCUUGAA,__GAG_AAGAACUU,CCAGUUCAAGAAGA,__UUAAGUUCUUCU,CAAGAAGAGACUGA,GUUCUUCUC__AC_
CCCUGCCCAAAUGG,GGGACGGG______,UGCCUGCCCUGCCC,A_GGACGGGACGGG,CGAGGGGCAGGGCA,GU__CCCGUCCCGU,GCAGGGCAGGAAGA,CGUCCCGUCC_UCU
UUGUGCAAAUGCAA,AGUACGUUU_CG__,ACAGGAUUGUGCAA,_GUCC_AGUACGUU,AGUUGGCUUUUGCA,_____CG_AAACGU,CUUUUGCAUGACCC,G_AAACGUGUU_GG
CUGUCUCAAAAUAA,GACAGAGU______,AUAAGCCUGUCUCA,UA_UUGGACAGAGU,CUGCAGUGAGACAG,______ACUCUGUC,UGAGACAGGUUCAU,ACUCUGUCCGA_UA
GCCUCCCAGGAAAU,CGGAGG_UCCU__A,AAAGGAGCCUCCCA,U_UCCUCGGAGG_U,UUAGGAAGUCCUAG,___CUU__AGGA_C,AGUCCUAGGAGGCU,__AGGA_CCUCCGA
UUUGGCUGCCAAAA,AAACCGG_______,UGCGGUUUUGGCUG,ACGCCAAAACCGG_,AAAUGGCCAAAACC,____UCGGUUUUGG,CCAAAACCGCAGUA,GGUUUUGGCGUUAU
GGACAAGAGGUGUG,UCUGU_CUCCG__C,AAGGAAGGACAAGA,UUCCUUUCUGU_CU,CCUGGCCUCCUGUC,GG__UGGAG_ACAG,CUCCUGUCUUUCCU,GAG_ACAGGAAGGA
CUGCAGUUCUGUUG,GACG_CAGGG____,AGAGCACUGCAGUU,_UUUGUGACG_CAG,GGGUGACAGCAGUG,_UC_UUG_CGUCAC,CAGCAGUGUUUGUU,G_CGUCACGAG___
UUUUUGCAUUUAAA,AAAA_CG__AAU__,UUGUGGUUUUUGCA,AGCGCCAAAA_CG_,UAAUGGCCAAAACC,AUU__CG_UUUUGG,CCAAAACCGCGAUU,G_UUUUGGUGUUAA
GGUGUCCUUUCUUC,UCACAGG_GAGA__,ACUCCAGGUGUCCU,_G__GUUCACAGG_,GAGCUGGACACUUG,CUU__CCUGUGGAC,GACACUUGUUGGGA,CUGUGGAC__CCCU
UUUUUGCUGUUACU,AAAAACGGUAAU__,UUGUGGUUUUUGCU,AACGUCAAAAACGG,UAAUGGCAAAAACU,AUUGUCGUUUUUGG,CAAAAACUGCAAUC,GUUUUUGGUGUUAG
CUUUGGUGACAGCA,_AGACCGUUG_UG_,GGCUGCCUUUGGUG,CCGACG_AGACCGU,AGAGUUGCCAGAGC,___CAGUGGUUUCG,GCCAGAGCAGCCUG,UGGUUUCGUCGGG_
GUUGACCAAUCAUC,CAG___GUUA____,AAGAUUGUUGACCA,UUCUA_CAG___GU,UAUUGACUAGACCA,_UAAC____UUG_U,CUAGACCAUCUUUC,___UUG_UAGAAAG
CCCCAGAAGCUGAG,GGGG__UU______,UCAAAUCCCCAGAA,GG___AGGGG__UU,GGAUUAGGGGACUA,___AA_CCCCU___,GGGGACUAGGAUGC,CCCCU___CUUACG
AAUGCAGUCUGCAC,UUACGUC_G_____,UGCUGUAAUGCAGU,ACGACAUUACGUC_,CCUGCUGCAUUACA,___CGACGUAAUGU,GCAUUACAGCACAG,CGUAAUGUCGUGUC
UCUCAGCAUGUUGA,__AGUCG_______,GGGAUAUCUCAGCA,CUCU____AGUCG_,GGGGAGCUGACUUC,UCCC_CGACU__AG,CUGACUUCUACCUC,GACU__AGG_GGA_
AUAUGGUGUUUGUG,_AUGCUACAG_UA_,CACUGAAUAUGGUG,G__ACU_AUGCUAC,AUUGACAUCGUAUC,UG_UUGUGGUAUAG,AUCGUAUCAGAGAU,UGGUAUAGUCU_UA
ACUUUGUAUUGUGG,UGAAACG___UACC,GGAGGGACUUUGUA,CCUUCCUGAAACG_,UACCAUGCAAAGUC,_UGGUGUGUUUCAG,GCAAAGUCCUUCCU,UGUUUCAGGGAGGA
ACCCACCCUGAGUU,_GGGUGG_______,UGCAUGACCCACCC,ACGUAC_GGGUGG_,GUUUUGGUGGGCCA,_____CCACCC_GU,GUGGGCCAUGCAUU,CACCC_GUACGUAA
GUGGAACACUAUAU,CACCUU__GA____,GUGGCAGUGGAACA,CACCGUCACCUU__,AUCAGGUUUCCACU,___UC__AAGGUGA,UUUCCACUGCCACU,_AAGGUGACGGUGA
AGGAGUCCUCUAGA,_CC_CAG_____CU,AGAGAGAGGAGUCC,U_UCUC_CC_CAG_,CUCUAGACACCGAC,_____CUG_GG__G,ACACCGACUCUGUC,UG_GG__GAGA_AG
UGACAGGGCAGAGG,ACU__CCCG_____,UGGGGCUGACAGGG,_CCCC_ACU__CCC,UGCGCCCCCUCACC,___CGGG__AGUGG,CCCUCACCAUCCCU,G__AGUGG__GGGA
UGGAAGAAGGCUGA,ACCUUCUUCCG___,AAGAGCUGGAAGAA,UUC_CGACCUUCUU,UGCCUUCUUCCAGC,_CGGAAGAAGGUCG,CUUCCAGCCCUUCU,GAAGGUCG_GAAGA
CAUGUCUCAGGUCC,G_AC_GAGUC____,ACGCCACAUGUCUC,U_C_GUG_AC_GAG,AGCUGAGUCAAGUG,__GACUC_GU_CAC,GUCAAGUGUCAUCU,C_GU_CAC_G_AG_
AGCUGGCAUUUACG,UCGACUG_______,ACUUUCAGCUGGCA,U____GUCGACUG_,UACAGAGCUGCCUG,___UCUUGA__GAC,GCUGCCUGUUCUUC,UGA__GAC____AG
AGACAUCUGGGCCA,UCU_UAG_CUC___,UGUGGAAGACAUCU,AU__CUUCU_UAG_,ACUCUGAUCUCUUC,_GGG_CUA_AGAAG,AUCUCUUCAUCUAC,UA_AGAAG___GUG
UUUGGCAAUUCAGU,AAACCGU_AA____,GACUGGUUUGGCAA,U_GGCCAAACCGU_,AAAAAUGCUCAAAC,__UU_ACG_GUUUG,GCUCAAACCGGCUG,CG_GUUUGGUC_GC
GCUGACAGGGCAGA,C_ACU__CCCG___,AGUGGGGCUGACAG,UC_CCCC_ACU__C,UGCGCCCCCUCACC,___CGGG__AGU_G,CCCUCACCACCCCU,G__AGU_G_GGGGA
CGCCGCGGAAGAAG,GCG_CG________,GGUAGGCGCCGCGG,C_GUCCGCG_CG__,GGGGAAGCGCGCCU,______CGCGCGGA,GCGCGCCUGCAGGA,CGCGCGGAUGUCC_
CACAUGCAUGGCUG,G_G_ACGUGC_GGC,CCCGACCACAUGCA,GGGCUGG_G_ACGU,GGCGGCGUGCAGGG,__GUCGUACGU_CC,GUGCAGGGGUCGGG,UACGU_CCCAGCCC
CCAGUCACUUAGAU,_GUCA_UG______,AAGGUGCCAGUCAC,UUCC___GUCA_UG,UACAUGUCACUGUU,_____CA_UGAC__,UCACUGUUUCCUUU,A_UGAC___GGAAA
UGCAGGUUCGCACU,_CGUCCGAG_____,GGGGUCUGCAGGUU,UCCCG__CGUCCGA,AUGCCUGCUCGCCC,U_UGGACG__UGGG,GCUCGCCCUGUCUC,CG__UGGGGU_GAG
GGGAGCGGCCCUCA,UCCUCG_U___AGU,GCGGCUGGGAGCGG,C_CCG_UCCUCG_U,UGAUGGCUCCUGCC,ACUG_CGAGGGCGG,CUCCUGCCACCUCC,GAGGGCGG_GGAGG
AGAGGGGCUUACUG,UCUCUC_GGGUG__,AGGACCAGAGGGGC,UCC_GGUCUCUC_G,CCAUGCUUCUCUGC,GGUA_GG__AGAU_,UUCUCUGCUCUGCU,G__AGAU_______
GAGCGGCUCCAUCC,CUCGCCGG______,GCGGCUGAGCGGCU,C_CC_ACUCGCCGG,GGCCUGCUCAUCCC,UCGG_CGAGU_GGG,CUCAUCCCCCUCGC,GAGU_GGGGGAGCG
UGUCAGAGCUGCAG,_CAGUCUCG_____,AGGGGUUGUCAGAG,UCCCCA_CAGUCUC,GCUCCACCCUGACA,CGAG_____ACUGU,CCCUGACACCCCAU,___ACUGUGGGG_A
UUGUGGAAGCUCCA,__UAUCU_CG___U,AGGGUAUUGUGGAA,_CCC____UAUCU_,ACCUGCCUCUAUUC,UGGACG_AGGUG_G,CUCUAUUCCCCACU,_AGGUG_GGG__GA
GCUGGCCAUCAGUG,C_AUCGG_______,UGGCAGGCUGGCCA,_CCGUCC_AUCGG_,UGUGGGCUAACCCU,____CCGGU__GGA,CUAACCCUGUCCUC,GGU__GGAC_GG_G
CAGAGUUCCCUUCU,G_CUCGAG_G____,CAAACUCAGAGUUC,GU_UG_G_CUCGAG,UGUGAGCUCAGUGU,_C_CUUGAG_C_CA,CUCAGUGUCUGGAU,GAG_C_CA_AC__A
GUGGAGAAGCCCAG,C_CUUC_____GUC,AAUGAGGUGGAGAA,U_ACUCC_CUUC__,CUGAAUCCCCUUCC,GAC______GAGGG,CCCCUUCCCUCACU,___GAGGGGAGU_A
AAUCUGAGGUGACU,__GGACUC____GA,CACAGGAAUCUGAG,GUGUCC__GGACUC,AAGACUCAGGCCUG,____GAGUCUGGAC,CAGGCCUGUGGCUC,GUCUGGACAC_GG_
CUGUGGUUUGCUGG,GAC_CCG_______,GGGCAUCUGUGGUU,CUC___GAC_CCG_,GGCUGCCUCAGCUC,____UGG_GUC___,CUCAGCUCCUCUCU,G_GUC___GGGAG_
CCUGGAGGGGGUUU,_G_UCUCCCCU___,GUCGGCCCUGGAGG,U__UCG_G_UCUCC,AUUCCCCUCUGUGC,__GGGGGAGGC_CG,CUCUGUGCUUCACC,GAGGC_CGGGGUGG
ACAGGGGUUCUGAU,U_UUCCCAA_____,AAGAGCACAGGGGU,UU__CGU_UUCCCA,AUAAACCCUUCUGC,___UUGGGGA_ACG,CCUUCUGCCUGCAU,GGGA_ACG_____A
ACAAGUAAAAGGAA,UGUU______CCUU,GAAAGAACAAGUAA,CU_UCUUGUU____,GCCCCUAAUUGUUC,________AACAAG,AAUUGUUCUGUCUU,__AACAAGA_AGAG
GAGGAGAAACUUGA,CUUCU_U_____CU,UGGAGAGAGGAGAA,_CCUCUCUUCU_U_,CUGAUAGUGUCUUC,G______A_AGGAG,GUGUCUUCUCUCCU,_A_AGGAGAGAGGA
AGCCGUGCCCUGGC,UCGGC______C__,GGUGGGAGCCGUGC,CC_CUCUCGGC___,CACUCAUUCGGCUC,__G_____GCCGAG,UUCGGCUCUCUCCC,__GCCGAGGG_GGG
AGCUGUUGGCCAUG,UC_ACAAC______,GGACCCAGCUGUUG,_UUGGGUC_ACAAC,CGACAACACCUGGG,___GUUGU_GACCC,CACCUGGGUUGUCC,GU_GACCCAG_GGG
GUGGCCCCAGGAAG,CGCCGGGGUCC___,GGACGGGUGGCCCC,CCU_CUCGCCGGGG,CUGGUGGAGCCGCU,GAC__CC_CGGUGG,GAGCCGCUCUUCUC,C_CGGUGGG___AG
GAGGCCUCCUGGAU,CUCCGGGGGAUC__,ACAGUGGAGGCCUC,UGUU_UCUCCGGGG,GGUCUCAGGGCCUC,CC_____UCCGGAG,AGGGCCUCUCUUGU,_UCCGGAGG_GACA
GGCCUGGAGAGCUG,CCG_ACCUCU____,GGAGGUGGCCUGGA,CC_CCGCCG_ACCU,CUGUCUCCAGCCGC,___AGAGGUCGGUG,CCAGCCGCCGCCUG,GGUCGGUGG_GGA_
CAGAACAUUCGUUC,GUC___________,AAGAGGCAGAACAU,__UUCCGUC_____,UUCACUUUCCUGCC,_________GACGG,UUCCUGCCUUCCUC,___GACGGAG__AG
CUGGAUUUGAAAUG,G_CCUAG______C,GAAGGACUGGAUUU,_U_CCUG_CCUAG_,CUGACGAUCCUGUC,G____UUAGG_CAG,AUCCUGUCCCUGUC,UAGG_CAGG_A_GG
GGGGAGCUCUGUCC,CUCCUCG__AC___,GGGUUGGGGGAGCU,C_U__CCUCCUCG_,CUCAUUGCUCCUCC,__GU__CGAGGGGG,GCUCCUCCCCUGCC,CGAGGGGG__G_GG
AGCUGCUGCCCCAG,UCGACGAC__GG__,UGGGUGAGCUGCUG,_CCCACUCGACGAC,GUGUCCAGAACUCA,__________GAGU,AGAACUCACCCUCU,____GAGUGGG_GA
UGUCUGGCCCCAGC,_CAGACC_G_____,GGUUGGUGUCUGGC,CCGA_U_CAGACC_,AGCCCAGACUGAGC,_C_GGUCUGG_UUG,GACUGAGCCUCUCU,CUGG_UUGGAG_GG
AGGGGGCCCAGGUC,_CCCCU___UUCG_,GGAGCCAGGGGGCC,CCUCG__CCCCU__,UCCCCGCUCCCUGC,GGGGGCGAGG_GUG,CUCCCUGCCCCCAU,GAGG_GUGGGGG__
GGGCUGAUCAUCUC,CU_GACUG______,AGAGCAGGGCUGAU,UCUCGUCU_GACUG,ACCGUUCUGGUCUG,_GG_GAGA__GGAC,CUGGUCUGUCUCUG,GA__GGAC_GAGAC
UGGAGGAGUCUGGU,_UCUCUUCGG____,CUGGUUUGGAGGAG,G_CCA__UCUCUUC,CCUGUUCUCUUCAC,G___AGGAGG__UG,CUCUUCACCUGCCU,GAGG__UGG_CGGA
CAACGUUAUGUGUG,GUUGU________C,CACUGACAACGUUA,GU_ACUGUUGU___,UUUAACCUGUUGUC,____UGGGCAACAG,CUGUUGUCAUGUUU,GGCAACAGUACAGA
UGGGGCUGAGGCUG,_CCCU__UUCUG__,UGGAGGUGGGGCUG,_CCUUC_CCCU__U,GUCUUCCUCCCCUU,CGGAG__GGGGGGA,CUCCCCUUCCUCCC,_GGGGGGAGG_GGG
AGGAUGAAGAUUAA,UCC_AC__CUAAU_,GAGGCCAGGAUGAA,UUCCGGUCC_AC__,AAUCCCCAACACUG,UUAG__GU_G_GAC,CAACACUGGCCUUG,GU_G_GACCGGAG_
GUGAUGUGAGCAGA,CACU___CUUG___,AAGGAUGUGAUGUG,UU_CU_CACU___C,GGUUCUCACUCAUU,_CGAGAGUGAG_AA,CACUCAUUCUCCUC,GUGAG_AAGGGGAG
AGUCUGUUUUCUUC,_CAG_C____GG__,GGCAGAAGUCUGUU,CCGUUU_CAG_C__,GGUUUUCUGACCUU,UC____G_CUG_AG,CUGACCUUUGCCUC,G_CUG_AGACGGG_
GUGCAGAGUGGGCU,__UGUC_CACCCG_,GUGGAAGUGCAGAG,C_CC____UGUC_C,CUCGCCCACACUGU,___CGGGUG_GACG,CACACUGUCCCCUU,GUG_GACGGGGGAA
AUGGCAGGUGCCUC,__CC_UCC_C__AG,AGCUCGAUGGCAGG,UCG_GC__CC_UCC,CGAACCCUCCUACG,_CU_GGGAGG__GC,CUCCUACGCUGCUC,GAGG__GC__CGAG
CCUGUGUAGACGGG,GG_CAC_UC__CCC,GAGCAGCCUGUGUA,UUCGUCGG_CAC_U,CCCUCACUGGCUGC,GGGAGUG_CCGACG,CUGGCUGCUUCCCU,G_CCGACGAGGGGG
UGGGGAGCAGACAG,GCCCCUCGU___UC,AGUGGCUGGGGAGC,UC_CCGGCCCCUCG,CCUCAUGCUCCCCG,_GA__ACGAGGGGU,GCUCCCCGGCCUCU,CGAGGGGUCGG_GA
AGAGUUGCUGAGUG,UCUC__UGG_____,CUGGUCAGAGUUGC,__CUGGUCUC__UG,GGGUUGAUCUCUGG,_UCG____GAGACU,AUCUCUGGUCUUUC,__GAGACUGG___G
GGUGUGUGGCGUGG,CCAC___UCG____,CAGGAGGGUGUGUG,GUC__UCCAC___U,GGGACGCUCACCUG,UC_UGCGGGUGGG_,CUCACCUGGCUGGC,GGGUGGG__GACCG
UAUUGAGAGUUCCU,_UAGU_CUCG____,AGAUCUUAUUGAGA,UCUG___UAGU_CU,CUGCUCCUGAUUGU,__UGAG_GUUA_UA,CUGAUUGUCUUCCC,_GUUA_UAGA_G_G
AUGGAGAACGCCCC,_ACC_CUUG_____,GGACACAUGGAGAA,UCUGUG_ACC_CUU,CCAGUUCCCACGUG,___CAAGGGU_CAC,CCCACGUGCUUCUC,GGGU_CAC__AGGG
GGCCCUGGGUUCGG,CCGG_ACCC___C_,AAGCGGGGCCCUGG,UU____CCGG_ACC,GCUACCCCAAAGGC,_G___GGGU__CCG,CCAAAGGCCACAUU,GGU__CCGG___AA
GAGCCCUCAUAUGG,C___GGAGUAUG__,AUGGAGGAGCCCUC,UAC_UCC___GGAG,GCCCAGUGAGCCCC,CG__UC_CUC___G,UGAGCCCCUCUCUG,_CUC___GAG_GAC
CACGUGACCUCCUG,G_GU_C_GG____C,AGCUUGCACGUGAC,UCGG_CG_GU_C_G,CCUGGGCCUGGCGG,___CC_G_GCCGUC,CCUGGCGGCUGUGU,G_GCCGUCGACACG
GCCAGGCCACAUAA,C___CCGGU_____,GCAUGGGCCAGGCC,UGU_CCC___CCGG,AAUGAGCCAAACCC,__AC_CGG___GGG,CCAAACCCCUGUCU,GG___GGG_ACGGG
GCUGAGGACUGAGG,CG_UUCC__ACU__,GCUGGAGCUGAGGA,CG_CCUCG_UUCC_,GCUCACCUUGCUCC,__AGUGGAGCGAGG,CUUGCUCCUGACUC,GAGCGAGG_C_G_G
ACAGGAUUAGUGCU,UGUCCU______GA,GAGUAAACAGGAUU,UUCA__UGUCCU__,UGUCUUCACUGUCA,_____AG_GACA_U,CACUGUCACUUCUC,G_GACA_UGAGGA_
CUGUAUGUCUCCCC,_GC_UAC_G_____,GGGACCCUGUAUGU,CCCUG__GC_UAC_,ACCGUCAUCGUGUC,___C_GUAGU_CAG,AUCGUGUCCCUCUU,UAGU_CAGGGAGGA
AGGCUGGACAGGAG,___GACC____CUC,GGAGGGAGGCUGGA,U_UCCC___GACC_,CUCACCCAGGCCCU,GAG__GGUC_GGGA,CAGGCCCUGUCCUC,GUC_GGGA_GGGG_
GGGGGUUCCCACGC,CC_CCAA_GG____,UGCAGUGGGGGUUC,_UGUCACC_CCAA_,GCCGCGGCAACCAC,_____CC_UUGG_G,GCAACCACCACUGU,C_UUGG_GGUGACG
UGGUGGAGAUGGAG,_UCACCUC____UC,AGGCAGUGGUGGAG,UCC_UC_UCACCUC,CUGAGCCUCCACUC,GA____GAGGUGGG,CUCCACUCUCCUGG,GAGGUGGGAGGACU
GGCAGGUGUGGUUG,CCGUCCA__CCGAC,ACAGGAGGCAGGUG,_GUCCUCCGUCCA_,CUGAACCUGCCUCC,G___UGGACGGA_G,CUGCCUCCCUGACA,GACGGA_GGAC___
GUUUGGCAGGACAG,CGAACC_UU_____,GGCUGGGUUUGGCA,CUG_CCCGAACC_U,AGUUUCCAAGCCCU,__GA_GGUUUGGG_,CAAGCCCUGUCUCC,GUUUGGG_CGG_GG
CUGGAGAGUAUGGU,__CCUC_C_UAC_A,AGACAGCUGGAGAG,UUUGUC__CCUC_C,CAGCAUCCUCCUCU,_U_GUAGGAGG_GA,CCUCCUCUGUUUUC,GGAGG_GACAGAAG
AGGGCGUCGCUUCU,UCCCGU__UG____,AGGUCAAGGGCGUC,_CC__UUCCCGU__,CUAAUGUUGCCUCU,_____CGGCGG_GA,UUGCCUCUUUUCCA,GGCGG_GAA__GG_
GGGGUGUCGAACUC,UUCCAC_GU__G__,AAUUCAGGGGUGUC,____GUUUCCAC_G,UGGCUGCCACCUUU,_C__GC_GUGGGGA,CCACCUUUGUGUCC,_GUGGGGAC__GGG
GAUCCGGGAACCCA,CU__GCCC______,AGUCCUGAUCCGGG,UCGGG_CU__GCCC,AGCCCCGUUCCUGG,___GGGC_AG__CC,GUUCCUGGGCUUCU,C_AG__CCUGAA_A
GUGAGGGACCCCCG,CACUCU_____GGC,CUUUGGGUGAGGGA,G___CCCACUCU__,GUCACGGUCUCACC,_AG_GCCGGAGUGG,GUCUCACCCCAACU,CGGAGUGGG_____
GAUGGUGGGAGAGG,CUAC_ACCC_C_UC,GUGGAUGAUGGUGG,C_CC_GCUAC_ACC,GACCCCCACAUCGC,__G_GGGUGUAGU_,CACAUCGCCCCACC,GUGUAGU_GGG_GG
GGGGCGUCACGUGC,CCCCGCAGUG_AC_,GCCGGAGGGGCGUC,UG_CUUCCCCGCAG,ACCCAAGUGACGCC,___GU_CACUGCGG,GUGACGCCCCUUCU,CACUGCGGGGAGG_
UGGCUGCAGGCCCG,ACU_____CCG___,UAGAGCUGGCUGCA,GUCUCGACU_____,CGGCCCCUCUCAGC,__CGG____GGUCG,CUCUCAGCUGCUGC,___GGUCGA_GAUG
GUGAAGAAGAGUAU,CGCU___U_UCGUG,AGAGUGGUGAAGAA,_UUCACCGCU___U,UGUGCUGUUCGCCA,_UAUGA_AAGUGGU,GUUCGCCACUUCCC,_AAGUGGUGAG__G
GCGCGGGCGGGUCC,UGC_CCCGUC____,CCGGGCGCGCGGGC,GGCCC_UGC_CCCG,CCCGUCCCGGCGCC,GGGCGGGGCCGCGG,CCGGCGCCCGUGUC,GGCCGCGGG_AUGG
CGGGGUUCGGGGGU,GCUCCAAGCC____,AUUUGGCGGGGUUC,__AGC_GCUCCAAG,CCGACGGCGACCUC,GGCU_____UGGGG,GCGACCUCGGCGAC,___UGGGGC_GUU_
AGGCGGAAAGAGGU,UC_GUCU______A,CUGGGCAGGCGGAA,G_UCCGUC_GUCU_,CUGCCUCUGCCUCC,GACGGG__CGGGG_,CUGCCUCCUUGGUC,__CGGGG___CCAG
UGGGUGAUGUGAGG,ACCU____C_CUCC,GGGCUCUGGGUGAU,CCCGA_ACCU____,AGGCACCCUCCUCC,__CG__GGAGGGGG,CCUCCUCCACAGCC,GGAGGGGGU_UCGG
GGGGUGAUACACAA,CCCC_C___GU___,UGGGUUGGGGUGAU,_CCCAACCCC_C__,CUGACCCUCCCCAA,_AC___G_GGGGUU,CUCCCCAACCCCUG,G_GGGGUUGGG__U
GGUGAGCAGGCCCA,UCACUCGU_C__G_,ACUGGGGGUGAGCA,UGACUCUCACUCGU,GCUCGUGCUCACUC,C__G_ACGAGUGGG,GCUCACUCUCAGUC,CGAGUGGGGGUCAG
AGGCUGUCUUCAUU,_CC__CAG______,GAUGAGAGGCUGUC,UUGCUC_CC__CAG,CUUGACCACCCCUC,___CUG__GG_GAG,CACCCCUCGUUUCU,__GG_GAGUAGG_A
CUGGCUGGUCCAGC,GACCGAC___GUCG,GGAGAGCUGGCUGG,CCUCUCGACCGAC_,CCCCUCAGAAGCUC,GG_______UCGAG,AGAAGCUCUCCCCU,___UCGAGAGG___
AACAGGACCUGUGC,__GUCC_GGG____,GCUGAGAACAGGAC,__AC____GUCC_G,UGGGGCCUGCAUGA,__UCCGGACGU___,CUGCAUGACCCUUC,GACGU___GGGAAG
GCUUGGGCCCAUUC,C___CCC_______,GGGCGAGCUUGGGC,CCC_C_C___CCC_,CCUUACCCUACCCC,_____GGG___GGG,CCUACCCCCCAUCC,GG___GGGGGUAGG
GGGCUGGGGUCACU,CCCG_CCCC_____,UGUGCAGGGCUGGG,GUACGUCCCG_CCC,CUUCCCCUGCCCUG,___GGGG_CGGGAC,CUGCCCUGCAUGGU,G_CGGGACGUGU_G
GGGGCGGGGUGUGG,CCUC__UCCACACU,CAGUCAGGGGCGGG,__CGGUCCUC__UC,CUCCUCACACCUCU,GGGGGGUGUGGGGG,ACACCUCUCCUGGC,UGUGGGGGGGACUG
GAAAUGAGAGUUAG,C___ACUC_CG_UC,CAGCAGGAAAUGAG,__CGUCC___ACUC,CAUACUCACCCCUG,G___GAGU__GGAC,CACCCCUGCCACUC,GU__GGACG__GG_
UUGAAGCCCCGAGA,_ACUUC_G__CUC_,GGGGGCUUGAAGCC,UCUCC__ACUUC_G,UCACGUCUUCACCC,AG__C_GAAGU__G,CUUCACCCCUCUCA,GAAGU__GGGGGGU
UGGGCGUGGUGGAC,_CCCGUA_CG____,GGGGGCUGGGCGUG,CUUCCG_CCCGUA_,CGAUGCAUCCCUCG,G_UGCG___GG__C,AUCCCUCGCCUUCU,___GG__CGGGGG_
GGUGACGGUGGGGG,CCAC_GCCG___UC,UCAGCAGGUGACGG,___CGUCCAC_GCC,UGACAGCCGCACCU,G____UGGCGUGGA,CCGCACCUGCCUCU,GGCGUGGACGGGGA
GGAGUGUAUGGGCU,UCUCGU___UCCG_,GCUUGUGGAGUGUA,C___CGUCUCGU__,CUGAGCCUUGCUCU,G___CGGGGUGAGG,CUUGCUCUGCUCCC,GGGUGAGGUG____
GCCCAGGUUCCAUG,CG_GUC__AG____,GGCAGGGCCCAGGU,__GUCUCG_GUC__,GUGAUGCUGAAGCU,__CU__GAC__CGG,CUGAAGCUCUGACA,GAC__CGGGAC_GU
GGAGAGGCUGUGGG,C_UC_CC__UACCC,UGGAAUGGAGAGGC,GCCUUAC_UC_CC_,AUUCAUCCACUGCA,UG____GG_GA_GU,CCACUGCAUUCCUG,GG_GA_GUAAGG_U
GACCAUGGGGGCCU,___GUGUC______,AGGUGGGACCAUGG,UCCACC___GUGUC,CCUUGCUGUGUGAC,_____GGUAC___G,UGUGUGACCACCGU,GUAC___GGUGG_A
AGGAUCAUGUUUGC,UCUU_GUGUAAACG,AAGAAGAGGAUCAU,_UCUUCUCUU_GUG,AAUGCUGCUUCUCU,UUGU_AC_AGGAGA,GCUUCUCUUCUCUC,C_AGGAGAAGA_AG
GCAUGGCACAGAUC,CGU_CC_UGUCU__,GGAUCAGCAUGGCA,CC___UCGU_CC_U,CCUUCUGUCCCCUG,___AGACA_GG_AC,GUCCCCUGCUCCCU,CA_GG_ACGA_GGG
CAGCACUCAGGCAG,GUC__GAGUCCG__,UGUGUACAGCACUC,___CGUGUC__GAG,UGCCAUGAGCCUGU,_CGG_ACUC_GACA,GAGCCUGUGCUUGU,CUC_GACAUG____
GAGCAGCCAGUCCU,CUCG_C__UC____,GGGGAGGAGCAGCC,CCCCUUCUCG_C__,UGUCUCACCGCUCU,___GA__G_CGAGG,ACCGCUCUUCCCCU,_G_CGAGGAGGGGA
AGGUUCUCAGUCAG,UCCAAGA_____UC,GGUUUCAGGUUCUC,CCGG__UCCAAGA_,CAGUCAGAACCUUG,_____UCUUGGA_U,GAACCUUGGCCCCU,CUUGGA_UUGGGG_
GCUGCCACCCAGCC,CGACG_________,UGAGAUGCUGCCAC,___CUACGACG___,GCCCCUGACUCGCA,C_______GAGCGU,GACUCGCAUCCUUC,__GAGCGUAG___G
AGUCAUUUCCCAUC,UCGGUAA_______,CGGAGGAGUCAUUU,_UCUCUUCGGUAA_,UCACUAAUGGCUUC,_____UUACUGAGG,AUGGCUUCUCUUGC,UACUGAGGAGG_CG
UCCCUGCAGGGACU,AGG_A_GUCC____,GGCAGGUCCCUGCA,CCGUCCAGG_A_GU,UGACACUGAAGGAC,___G_GACU_CCUG,UGAAGGACCUGCAC,ACU_CCUGGACG_G
GGAGUGGAACUGAC,UCUC_CUUU__C__,AAGCUUGGAGUGGA,U_C_AGUCUC_CUU,CCCCCUUUCUCUCU,__G__AAGG_GAGG,UUCUCUCUGACUCC,AGG_GAGGUUGAGG
GAGCAUCUGAAUGG,CUUGU_GAC_____,UACAGAGAGCAUCU,_UGUCUCUUGU_GA,ACAGUUGUUGUCUC,_GUC_ACG__AGAG,GUUGUCUCUUGUUC,CG__AGAG_ACA__
AAGGAGCUGGGUGG,_UCU_CGA_CCG__,AGGGCCAAGGAGCU,_CCUG__UCU_CGA,GGGUGCCAAGCCUC,____UGG_UCG_GG,CAAGCCUCUGUCCC,G_UCG_GGACGGGG
GGGGUCACCAGCCC,CUUCAGUG_UC__G,AGAGCUGGGGUCAC,UC_C__CUUCAGUG,AUGUACUUGUGACU,__C__GA_CACUGG,UUGUGACUUCUCCC,A_CACUGGGG__G_
GGCGGGGGUGGGGG,CCGUCCC___UCCC,GCUCGAGGCGGGGG,C___CUCCGUCCC_,CCCUCCCUGACCUC,GGGGGGGGC_GGAG,CUGACCUCUCCGCU,GGC_GGAG_GGUGG
GGGGCUUCCGCUCU,UCUCGGAG_CG___,CCAGUUGGGGCUUC,GGUCAAUCUCGGAG,UCUGCAGAGGCUCU,___CG_CUUCGGGG,GAGGCUCUAACUGG,CUUCGGGGUUGACC
GGUUGCUGUUGCUG,CCGA______CGA_,GGUAGGGGUUGCUG,CC_UCUCCGA____,UGAAAGCUGAGCCU,____UCG__UUGGG,CUGAGCCUCUCCUU,G__UUGGGGAGG__
CCAGGGAUGCCUUC,GGUCUCU_UGG___,GUUGGGCCAGGGAU,CG_UCUGGUCUCU_,CUGUGUCUCUCUGG,__C_CG_AGGGACC,CUCUCUGGUCUUGC,_AGGGACCGGG_UG
UCAGCAUGGGGCUA,AGUCG_GCCCCGG_,GUGGAGUCAGCAUG,CGCC_CAGUCG_GC,AGGCCCCGCGCUGA,_UCGGGGU_CGACU,CGCGCUGACCCGCC,GU_CGACUGGGUGG
GGGACCUCCUGGCU,CCCU_______CGA,AGAGGUGGGACCUC,UCUCU_CCCU____,GUUUAAGCUCCCCU,C___UUCGAGGG_G,GCUCCCCUCUCUUU,CGAGGG_GGAGAAA
UCUGUGCUGUCUCU,_G_CACGA______,UGAGGGUCUGUGCU,_UUCUC_G_CACGA,UCUGAGCACCGUCU,____UCGUG_C_GG,CACCGUCUCUUCUG,GUG_C_GGGAG__C
CCUGUGGUCUAACC,___UACC_______,GAGAACCCUGUGGU,CUCU_____UACC_,CUUUCCCAUCUGCU,_____GGUG____A,CAUCUGCUCUCUUG,GUG____AGAGAAC
AGGGGCAGGGUCCU,_CUCCGUCCU____,CUGAGAAGGGGCAG,G_CUC__CUCCGUC,UUCCUCCUGCCUCC,____GGGACGGGGG,CUGCCUCCUCCGUG,GACGGGGGAG_CGU
GGACAUCCCUCAUC,UCUGUGG_______,GAGGCUGGACAUCC,CUUC__UCUGUGG_,UCACUGGUGUCUUU,_____CUACAGG__,GUGUCUUUCUUCUC,UACAGG__GGAG_G
GGAGGUCUGAGCCC,C__UCAG_______,UGAGGAGGAGGUCU,___CCUC__UCAG_,GUUAAACUGACUAA,________CUGG__,CUGACUAACUCCCA,__CUGG__GAGGGU
UAGGGUCAGUGGCA,_UCCCAGUCGCCG_,AAAAGUUAGGGUCA,UUU____UCCCAGU,GAUGCUGACCCUUU,___UGACUGGGAAA,GACCCUUUUUCUCU,CUGGGAAAAGGAGA
GGAGAAAAAUCCCU,UCUCUUU_______,AUGGGAGGAGAAAA,_ACCU_UCUCUUU_,UGUUAACUUUCUCU,_______AAAGAGG,CUUUCUCUCUCCAC,_AAAGAGG_GGGUG
UUUGUGGGGCGAGG,G_AUAC____CU__,CUGGGAUUUGUGGG,_ACCCUG_AUAC__,GAUCACAUAUGUCC,__AG_GUGU_UAGG,AUAUGUCCCAUCCC,UGU_UAGGGUAGGG
GCUGAAGCGAGAUG,_GA______UCUG_,AAAGUGGCUGAAGC,UUUCAC_GA_____,UUUGUCUAAAAGCA,___UAGA___UCGU,UAAAAGCACUUUUC,A___UCGUG_AAAG
GGGAAGACACAUGA,UCC_UCU__G_ACU,UUGGCAGGGAAGAC,__CUGUUCC_UCU_,ACGCCUCUCCCUUG,U_C__AGA_GGGAC,CUCCCUUGUCUCCU,GA_GGGACGG__GG
CAGGCAUCCAGACA,_UCCGUAGG_____,CUGGCGCAGGCAUC,__CC_C_UCCGUAG,CGGGCGAAUGCCUC,__CC___UACGGAG,AAUGCCUCCCCCGG,_UACGGAGGG__CC
GGAAUGUCAGGGCC,_CUU_CAGUCCC__,CAGCAGGGAAUGUC,__UGUC_CUU_CAG,CCCCUGACCUUCAC,_GGGACUG_AAG_G,ACCUUCACUGUGAC,UG_AAG_GACG__G
GACUCCUAGGUCAC,CUGAGG________,UGGCAAGACUCCUA,_UCGU_CUGAGG__,GUCACGGAAGUCCU,_____CC_UCAG_A,GAAGUCCUGCUUCU,C_UCAG_ACGG_GA
CGACCCAAGCAGGC,_UUGGGUUCGUCCG,AAGAGACGACCCAA,UUCUCU_UUGGGUU,AGCCUGCUUGGGUU,UCGGACGAACCCAG,CUUGGGUUUUCUCU,GAACCCAG_AGAGA
UGCAGAUCCCCUGU,AC_______GGGCA,AAGACCUGCAGAUC,UUC_GGAC______,GAGACGGGCCCAGG,__UUGUCC__GUCC,GGCCCAGGACUUUG,CC__GUCC_GAAAC
AAGUUGUGAAACAC,UUC__CACU_____,CAGAGCAAGUUGUG,GUCUCGUUC__CAC,UAACCUCACCUUGC,__UGGAGUGGAACG,CACCUUGCAUCUGC,GUGGAACG_AGAC_
GCCAAGGCUCUGGG,CGGUUCC___ACU_,UCUCUAGCCAAGGC,___GGUCGGUUCC_,CUCACCCUUGGCUG,_GGU_GGAACCGAU,CUUGGCUGGUCUCU,GAACCGAUC___GG
AGAGAGCCCUUGCA,_CUCUC___GAC__,CAGAGCAGAGAGCC,GUC_C__CUCUC__,CCACCAGCCUCUCC,____GUU_GAGAG_,GCCUCUCCUCCCUG,U_GAGAG__G_GAC
GUAGAGUAGGAGAG,CA__UCA_CC____,GAUGGGGUAGAGUA,CU_CCCCA__UCA_,AGCCCACUGACCCC,__GG_UGA_UGGGG,CUGACCCCUUCUGU,GA_UGGGG_AGGU_
UGUGAGCUGGAAGG,_UACUCGG___UCC,GUGGAGUGUGAGCU,C______UACUCGG,UGGGCCUGGCUCAU,____GGAUCGAGUG,UGGCUCAUGUGUCU,AUCGAGUG____GA
CCAUGGUGUGCUCU,GGUGUC________,GAUGGGCCAUGGUG,CU__CUGGUGUC__,UCCCCCUGUGGUCU,_____GGUACCGGA,UGUGGUCUCUUGGC,GUACCGGAGGGUCG
GUGUGGAGAGAGCA,C_CACC__UC_CG_,GGGAGUGUGUGGAG,UCC__AC_CACC__,CCUGCCCACCAGCC,GGA__GGUGGU_GG,CACCAGCCUGUGUC,GUGGU_GGG_AUAG
CGGGGCGGGAGGGG,GCCC_GC_______,GCUGGCCGGGGCGG,_GGCCGGCCC_GC_,AGGGACGCCCGGCC,_____GCGGGCCGG,GCCCGGCCGGAACG,CGGGCCGGUC____
GGCCAGCAACCUGA,CCGGUU________,ACUAGGGGCCAGCA,UG_UUCCCGGUU__,CCCUCUUUGGCCCU,______GACCGGGG,UUGGCCCUUUGUAC,GACCGGGGA_CAUG
GGACAUGCUCUGAC,CCUGUA________,UUCUGAGGACAUGC,__G_CUCCUGUA__,CCCCUGAUGUCCUC,______UACAGGAG,AUGUCCUCUGUUCC,UACAGGAG_C__GG
AAGUCAGGUGAUGG,UU__GUCCG__ACU,UCCAUGAAGUCAGG,AGGUACUU__GUCC,CAAGGCCUGUUCAU,GU__UGGACAAGU_,CUGUUCAUUGGAAC,GACAAGU_ACCU__
CUGCUGAUGUCAUC,_GCG_CU_CA____,UGAGAACUGCUGAU,_CUCUU_GCG_CU_,UAACUUCUGCGUUU,__UG_AG_CGU_AA,CUGCGUUUCUCCUC,G_CGU_AAGAG__G
ACAUUGCCAGAGGA,___GACGG______,GUGCAGACAUUGCC,CA_GUC___GACGG,GGGCAGCAGACUGA,_CCGUU____GACU,CAGACUGACCUUCA,____GACUGGGG_U
GCUGUGGCAGUGGC,CGACAUCG___CUG,AGUGGUGCUGUGGC,U__CC_CGACAUCG,AGGUCGCUACAGCC,__CGGCGGUGUCGG,CUACAGCCCUGUGA,GGUGUCGGGACG__
GGCCAGUGUUCAAG,C__GUCAC____UC,GGGUCAGGCCAGUG,UC_AGUC__GUCAC,CUGCCACUGACUGA,GA__GUGAC_GACU,CUGACUGAGCUUCU,GAC_GACU_GG__A
CAGGGACCCCUCCA,G___C_GGGG____,GGCUGGCAGGGACC,CCGACCG___C_GG,GGGACGGCAGCCAG,CCC_G____CGGUC,GCAGCCAGCCCCUG,___CGGUCGGGGA_
CAGGACAGCGGGUG,GUCC__UCG_____,UGGGCUCAGGACAG,ACCC_AGUCC__UC,GCUUGCCUGACCCC,CGA__GGACU__GG,CUGACCCCCAUGUC,GACU__GGGUACA_
GAAGUGCCGUCCUC,CU_C_CGGUA____,GGAGGAGAAGUGCC,CU_UCUCU_C_CGG,CAUGAGCCCCUCUC,_UGC_CG_G_AGAG,CCCCUCUCUGUCCC,G_G_AGAGG_GGGG
CUCCAGGGCUCCUG,_AGGUCC_______,GUGGGGCUCCAGGG,C_CUCC_AGGUCC_,UGACACCUGGACCU,_____GGACCUGGG,CUGGACCUCUCCUC,GACCUGGGG_GGA_
AGACUUUGUGAUUU,UC_GAAAC_CU___,UGGGAGAGACUUUG,ACCC_CUC_GAAAC,UCCAAAGCCUCACC,AGGUUUC_GAG_GG,GCCUCACCCAGCUC,C_GAG_GGGUCG__
AUAUGCCAUUAUGU,UG__UGG_AGUAC_,AGUCAGAUAUGCCA,UCAG__UG__UGG_,UGAGGUGGUGAGAC,AUUCCG_UA__CUG,GGUGAGACUUCUCU,_UA__CUGAA___A
GACUUCAGAUGCUU,C___AGUCU____A,AGGAGGGACUUCAG,UUCUCCC___AGUC,CUUCAUGACACCCU,__AG_ACU__GGGA,GACACCCUCUUUCC,CU__GGGAGGA___
AGAUUCUUGAGGCU,_CUAGGAA___UGA,GAAUAGAGAUUCUU,CU__UC_CUAGGAA,GAGUAAGGAUCCCU,UUCGUUCUUAG_GA,GGAUCCCUUUAUCU,CUUAG_GA___AGG
GAAGGGAAGCUGGG,CU_CC_U__G_CC_,GAGGAAGAAGGGAA,CUCC_UCU_CC_U_,UGACUGCCUCUCCC,_C__A_GGAGA_GG,CCUCUCCCUCUUUA,GGAGA_GGAGA_GU
AAGCAGCAGGCACC,UUC_UCGUC____G,ACACUGAAGCAGCA,__UG_CUUC_UCGU,CACCUGCUUCCUUC,___GACGA__GAAG,CUUCCUUCUGUUGU,GA__GAAG_CA__A
CGGCGGCUCGGAGU,GCCGCCG__UCUC_,GGCGCGCGGCGGCU,_CGCGCGCCGCCG_,CCUCUGCCGCCGCG,_GAGGCGGCGGCGC,CCGCCGCGCGCAUC,GGCGGCGCGCG___
GGGUUGAACUUCAU,CCUA_CU_G_____,AGAUGGGGGUUGAA,UCUACCCCUA_CU_,UUCUCAUGCUCAUC,_______C_AGUGG,UGCUCAUCCCCAUC,_C_AGUGGGGGUAG
UGGUUGCUGGAGGU,AC_A_UGG___UCG,UCGGGGUGGUUGCU,GGUCCCAC_A_UGG,UGGAGGUCAGCACC,G___UCG_U_GUGG,UCAGCACCCUGUGG,G_U_GUGGGGC_UU
GGCAAGGCCAGGAC,CCGU_CC_GUC___,UCAGGAGGCAAGGC,_GUCCUCCGU_CC_,CCGCUGACCCAUGC,___GAC__GG_ACG,ACCCAUGCCUCCUG,__GG_ACGGAGGAC
GGGCAAUCAGGACU,CUC_UUA___CUG_,UACAGAGGGCAAUC,_UGUCUCUC_UUA_,UGGGUCAUUCUCUC,___CAGUAAGGGAG,AUUCUCUCUGUCUU,UAAGGGAGACA__A
AUCAGGCUUUAAUG,UAGUUUG______C,AACCAGAUCAGGCU,UUGGUCUAGUUUG_,GUAAUGUCAGUUCU,___________AGA,UCAGUUCUGCUGUU,_____AGAC__CAA
CAGGAGAAGGCCUA,GUCCUCUU_CG__U,CCAGGACAGGAGAA,GGUCC_GUCCUCUU,GAUUUGCAUUCUUC,_UA__CG_AAG_AG,CAUUCUUCCUGCCC,G_AAG_AGGAC_GG
CAGUUCAGGAGGUG,GUCGAGU_U____U,GACAGGCAGUUCAG,UUGUCUGUCGAGU_,GUGUGUGAGCUGUC,___G_ACUUGACGG,GAGCUGUCUGUGUU,CUUGACGGACA___
AAGCUGCUGGUGCU,U_CGAC__CUA___,GGGUGGAAGCUGCU,CCCGUCU_CGAC__,CUCAUCUCAGCCUC,___UGG_GUCG_AG,UCAGCCUCUGCCCU,_GUCG_AGGUGGGA
GCUGAAGAUUCUGA,CGG__UC_A__ACU,CUAGAAGCUGAAGA,__UCU_CGG__UC_,UCACUAACUGGCCU,AGU__U_GAUCG_A,ACUGGCCUCUUCUU,_GAUCG_AGA_GAA
GGGAGAGGGGCCCA,CU_UCUCCC_____,GAAGGUGGGAGAGG,CU_CCACU_UCUCC,ACCCUCCUGUCACC,_GGGA_GA_GGUGG,CUGUCACCCGCUCC,GA_GGUGG___AGG
GCAGCUCCCAUGAC,CGUCG______C_G,AAGAGGGCAGCUCC,UUC_UCCGUCG___,UGCCUGACCGCCUU,ACGGG______GAA,ACCGCCUUCUCUCC,_____GAAG_GAGG
AGGGUCAGGUCUGC,UCCUAGUC___AUG,GAUAGGAGGGUCAG,CUGUUCUCCUAGUC,UCUGCUGAUCCUCU,____GACUGGGAGG,GAUCCUCUUUCGUC,CUGGGAGGA__UAG
GAAGCAGCUGGAAU,CU_CGUCG_CC___,GGAGCUGAAGCAGC,UCUC__CU_CGUCG,CAAGCCCUGCUGCC,_____GG_CGACG_,CUGCUGCCUCUCCU,G_CGACG_AG__GA
UGGAUGUGUUGACC,_CCU___CAGUUGG,GUGGUAUGGAUGUG,C_CUAU_CCU___C,AUGACCUUUCCCUA,__UUG___AGG_AU,UUUCCCUAUCUCAC,__AGG_AUGG_GUG
GAUGUUGGCUCAAG,CUAC__CCGAG___,GAAGGUGAUGUUGG,UU_CCACUAC__CC,AUGGUAGCCCAUCA,___C_UCGGGUAGU,GCCCAUCACCUUUC,CGGGUAGUGGAGAG
CAAAGCCAGGGACC,GUUUCGGUCC___G,CGCAAGCAAAGCCA,_C_UUCGUUUCGGU,UGAGAGGCUUUGCU,A____CCGAAACGA,GCUUUGCUUCCUGC,CGAAACGAAGGACG
GAGGGCUCCUGGCG,UUCCCGAG______,UGAGAUGAGGGCUC,_CUCU_UUCCCGAG,GCGCUGAUGCCCUU,_____CU_CGGGAG,AUGCCCUUCUCUCC,U_CGGGAG_AGAG_
GAGGACACAGGCUG,C_CCUG_GUC____,GAUGGAGAGGACAC,C_ACCUC_CCUG_G,ACUGAGGUCCCCUC,_GAC__CAGG_GAG,GUCCCCUCCACUUU,CAGG_GAGGUGA_A
GGCAGAUCUGUCUC,CUGUCUAGA_____,UGCUCAGGCAGAUC,GU_AGUCUGUCUAG,UUCCAAGAUCUGUC,_____UCUAGACGG,GAUCUGUCUCGAUU,CUAGACGGA_CU_G
CCGGAAUUCUCCAG,_GUCU_GAG____C,UGGGGUCCGGAAUU,_CCCCG_GUCU_GA,CAGAGCCUCUGUGC,__CUU__AGGC_UG,CUCUGUGCCCCUAC,_AGGC_UGGGG_UG
GAGUAGGGCUGGAU,C____CCCGG____,AGGGCAGAGUAGGG,UUCCGUC____CCC,GUAGGGCCCACUGC,____UCGGG_GACG,CCCACUGCCUAUGC,GGG_GACGGG_AUG
UGAGGGGUCAUAUC,ACUCCCCGG____G,GGGGGAUGAGGGGU,CCCCCUACUCCCCG,UCAGGGCCCCUCAU,____CUGGGGAGUA,CCCCUCAUCUUCCC,GGGGAGUAG__GGG
AGUAGGAAAAGCAG,UC__CCUU_UC_UC,CCGGAGAGUAGGAA,__CCUCUC__CCUU,UCUCUCUUCCCUCU,GGAGA_AAGGGAGA,UUCCCUCUCCCACC,AAGGGAGAGG___G
GUGGAGCCCACUGU,CGCCUCGG______,UGUAGGGUGGAGCC,GCGUCCCGCCUCGG,GACUCAGCCCUGCU,______UGGGAUG_,GCCCUGCUGCCUUC,UGGGAUG_UGGA__
GGCCAGACAUGCUC,CCG_UCU_____AG,GAGCUGGGCCAGAC,C_CG_UCCG_UCU_,CAUGCUCUUGCCUG,_____AGA_CGGGC,CUUGCCUGCCCUCU,GA_CGGGCG_GAGG
GAGUAAGCAUCAAU,CUC__UCG_AGU_G,GGCACAGAGUAAGC,CCG__UCUC__UCG,ACUGAGCUGUCUCU,__ACUCGA__GAGA,CUGUCUCUCGCCCU,GA__GAGA_CGG__
UCUUGGGAGUGAUC,AG__CCCUCG____,AGGGGAUCUUGGGA,UCCCU_AG__CCCU,ACAGCUGAGCUCCC,________UGAGGG,GAGCUCCCUGAAUC,__UGAGGG_CU_GG
GGAAGGGCAAGUCC,CUU_CUUGU_C_GG,GGAGGAGGAAGGGC,UUUCCUCUU_CUUG,AUACAGUUGGUCUG,___G__AACC_GAC,UUGGUCUGUUCAUU,AACC_GACGGG_AG
CGGGUGGGCGGGGG,GCCCACCCGCCC_C,GGCAGGCGGGUGGG,CUG_CCGCCCACCC,CGCACUCACCCGCC,GCG_G_GUGGGCGG,CACCCGCCCGUCUC,GUGGGCGG_CGG__
CCCUGCUCUCCCUG,__GACGAGG____U,AGGAGACCCUGCUC,UCCUCU__GACGAG,CUGGCAGCAAGCCU,__UC_UCG_UC__A,GCAAGCCUCUCCUG,CG_UC__AGAGGA_
GAGAGAGUGCACAG,CUCUCUC_______,UGGGGAGAGAGAGU,ACCCCUCUCUCUC_,CUCUCUCUCUCUCU,____GAGAGAGAG_,CUCUCUCUCCCACU,GAGAGAG_GGGUG_
AGGCCAUCUGCUAU,UCC__UAG______,AAGGACAGGCCAUC,_UUCU_UCC__UAG,UGACUUGAUCCUCU,______CUAGGA_A,GAUCCUCUCUUCCC,CUAGGA_AGGA_GG
CACCCUGCAGGUGA,_____ACGUCCAC_,GCAGUGCACCCUGC,CG_CAC_____ACG,GAACACCUGCAUCA,___GUGGACGU_GU,CUGCAUCACAGCCU,GACGU_GUG_CGGG
GUGUGAGGCCUCUU,C_CGCUCCGG____,GACAGUGUGUGAGG,C___CGC_CGCUCC,GCCAUGGCCUCCCU,_____CCGGAG___,GCCUCCCUGCCCGC,CGGAG___UG_GUG
UGCCUGUCCCCUGC,AC___CAGGGG___,GUGGGGUGCCUGUC,C_CCCCAC___CAG,CACUGGGUGACCCA,____CCC_CUG_GU,GUGACCCACCCCUC,C_CUG_GUGGGG_G
GCUGACAGGGCAGA,C_ACU__CCCG___,AGUGGGGCUGACAG,UC_CCCC_ACU__C,UGCGCCCCCUCACC,___CGGG__AGU_G,CCCUCACCACCCCU,G__AGU_G_GGGGA
UGACAGGGCAGAGG,ACU__CCCG_____,UGGGGCUGACAGGG,_CCCC_ACU__CCC,UGCGCCCCCUCACC,___CGGG__AGUGG,CCCUCACCAUCCCU,G__AGUGG__GGGA
UGACAGGGCAGAGG,ACU__CCCG_____,UGGGGCUGACAGGG,_CCCC_ACU__CCC,UGCGCCCCCUCACC,___CGGG__AGUGG,CCCUCACCAUCCCU,G__AGUGG__GGGA
UGACAGGGCAGAGG,ACU__CCCG_____,UGGGGCUGACAGGG,_CCCC_ACU__CCC,UGCGCCCCCUCACC,___CGGG__AGUGG,CCCUCACCAUCCCU,G__AGUGG__GGGA
UAUUGGCUUGGAUU,AU__CCGAA_____,UGCCUGUAUUGGCU,GCGGACAU__CCGA,GCAAAGCCUACAGG,___UUCGGAUGUCC,CCUACAGGCUGGAA,GGAUGUCCG_UCUU
CCAGACCAUGCCAC,GGUCUG_UAC___G,CUCCAACCAGACCA,G____UGGUCUG_U,ACAUCCGUCUGGUC,_GUA__CAGACCA_,GUCUGGUCCUGGAC,CAGACCA___CCUG
UGGUAGGUGGUCGA,ACCA__CACC__C_,CAAAUGUGGUAGGU,____GUACCA__CA,UCAUCCACACCAUG,_G__GGUGUGGUGU,ACACCAUGGACGGU,UGUGGUGU__GUCA
AGCUUGGAGCCUUG,__GGAU___GGAGU,GGGUCUAGCUUGGA,__CAGG__GGAU__,AGGAGAUAGGAGGA,UCC___GUUC_UCU,UAGGAGGACAAGUU,GUUC_UCUG_UCAA
GGCCAUCUGGUUGU,CCGGUAGACUA___,GUCUUGGGCCAUCU,CAGAACCCGGUAGA,UCACUGAUGGCCCA,GGU__CUACCGGGU,AUGGCCCAAGACCU,UACCGGGUUCUGGG
UGUCAGAGUGUGCA,ACG___UCG_ACG_,ACUGGCUGUCAGAG,U_ACCGACG___UC,UGGCAGGCUGCAGC,__CGU_UGAUGUCG,GCUGCAGCCACUUG,UGAUGUCGGU_AA_
CCAGAGAUGAAAUU,G_UCUC________,UUGGCACCAGAGAU,_AUCGUG_UCUC__,GGACUCCUCUGUGC,______GAGACACG,CUCUGUGCUACUGG,GAGACACGGU_ACU
UGCAGCCUUCUGCC,_CG_CG_AAG_CGG,UGGUCCUGCAGCCU,AUCA_G_CG_CG_A,AAGCGAGCUGAACU,UUCG__CG_C_UGG,GCUGAACUAGAGAU,CG_C_UGGUCUCUA
AACUGGUGUUCUCA,UUGAUCA_GAGGGU,AGAGGCAACUGGUG,UCUC_GUUGAUCA_,GGGAGACUAGAUCU,CUCUUUGGUC____,CUAGAUCUUUGACU,GGUC____AAC_GA
AGGAUGGCCAGGGA,UCUU__CGGUUCC_,GGGUGUAGGAUGGC,_UUGUAUCUU__CG,CUUGGCAUUUCUAU,GGACCG__AGGAUG,AUUUCUAUGUUAGU,__AGGAUGUGG_CA
CUGUGCCCCGUACC,GG_AC_GG______,UCCGGGCUGUGCCC,GG_CCCGG_AC_GG,UACCGGACAGGGCC,____CC_GU_UCGG,ACAGGGCCCUGGCU,_GU_UCGGG_CUGG
CCCCGAGCUGGGCA,GGGGCUCGG___GU,GAGCUGCCCCGAGC,CUCGACGGGGCUCG,AGGGCCUCGGGGCA,__UC_GAGCCCCGU,UCGGGGCAGCUCAG,AGCCCCGUCGAGUC
UCAGCUGAACCCCU,AGUC__C___GGGA,CCUUUCUCAGCUGA,GG__GGAGUC__C_,AGGGCCCUCUGAGG,UCCC_G__GACUCU,CUCUGAGGUGGAAC,__GACUCU_CCU__
UUCCUGAUCUGAUG,AAG_ACU_GA____,GCCAGCUUCCUGAU,C___CGAAG_ACU_,GGAAGUCAUGAAGC,___UCAGU_CUUCG,CAUGAAGCCUUCUC,GU_CUUCG___GAG
CUCCUGUUUGAAUA,GAGGACAAA_____,CCCCCACUCCUGUU,GGGGGUGAGGACAA,CCAGAAACAGGAGU,____UUUGUCCUCA,ACAGGAGUGGGGGG,UGUCCUCA_CCCCC
CUGCAGUGUCGUGG,GACGUCGU___AC_,UCAAGGCUGCAGUG,AG_UC_GACGUCGU,CAGCUUGCUGCAGA,GU___GUGACGUC_,GCUGCAGACUCGAC,UGACGUC_GA_CUG
GUGAGCAUUCUAGC,UACU_GUAG__UUG,ACAGGUGUGAGCAU,_GU__GUACU_GUA,UUUGAUGAUCAUGU,GA_UUAC_AGUGU_,GAUCAUGUAUGAUA,C_AGUGU__AC_AU
AGACUUUGUGAUUU,UC_GAAAC_CU___,UGGGAGAGACUUUG,ACCC_CUC_GAAAC,UCCAAAGCCUCACC,AGGUUUC_GAG_GG,GCCUCACCCAGCUC,C_GAG_GGGUCG__
CACGUGACCUCCUG,G_GU_C_GG____C,AGCUUGCACGUGAC,UCGG_CG_GU_C_G,CCUGGGCCUGGCGG,___CC_G_GCCGUC,CCUGGCGGCUGUGU,G_GCCGUCGACACG
CACGUGACCUCCUG,G_GU_C_GG____C,AGCUUGCACGUGAC,UCGG_CG_GU_C_G,CCUGGGCCUGGCGG,___CC_G_GCCGUC,CCUGGCGGCUGUGU,G_GCCGUCGACACG
CAGGACAGCGGGUG,GUCC__UCG_____,UGGGCUCAGGACAG,ACCC_AGUCC__UC,GCUUGCCUGACCCC,CGA__GGACU__GG,CUGACCCCCAUGUC,GACU__GGGUACA_
CAGGACAGCGGGUG,GUCC__UCG_____,UGGGCUCAGGACAG,ACCC_AGUCC__UC,GCUUGCCUGACCCC,CGA__GGACU__GG,CUGACCCCCAUGUC,GACU__GGGUACA_
UUUUGCCCAAAAAC,AAAA____UUUUUG,UAUGGUUUUUGCCC,AUACCAAAAA____,UUUUGCCCAAAAAC,AAAA____UUUUUG,CCAAAAACCAUAGU,__UUUUUGGUAUCA
CAGGACAGCGGGUG,GUCC__UCG_____,UGGGCUCAGGACAG,ACCC_AGUCC__UC,GCUUGCCUGACCCC,CGA__GGACU__GG,CUGACCCCCAUGUC,GACU__GGGUACA_
GGCUGUGCGCCUGC,CCGGC___CGG_C_,GGGCUGGGCUGUGC,_CCG_CCCGGC___,GCCCCGGCCGGCCC,CG_G_CCGGUCGGG,GCCGGCCCCGCCUC,CGGUCGGG_CGGAG
AUCAACAUCUUGGU,_________AACC_,UCCAACAUCAACAU,_GGUU_________,AACAUCUUGGUCAG,______AACC__UC,UUGGUCAGAUUUGA,AACC__UCU___CU
ACGCCAUCAUCAAC,_GCGG__GU_____,UGGUGAACGCCAUC,GCCGC__GCGG__G,CACGCAUUGGGCGC,G______ACCCGCG,UUGGGCGCGCCGGG,_ACCCGCGUGGUCC
CAAUACCCGGGGAU,GU___GGGUU_C_A,GGAGAGCAAUACCC,CUU__UGU___GGG,CAUUGGGAUGUAUU,G_GGCCC_ACG_AG,GAUGUAUUCGUACU,C_ACG_AGGUAUG_
AGCCGGGCUUCGGC,_CGG_CCG____CG,GCUCGGAGCCGGGC,CGGGCC_CGG_CCG,UCGGCCGGGCCCCG,___CGG_CCG_GGC,GGGCCCCGGGCCCU,_CCG_GGCUCGGG_
UGUAGGGCUUGGCA,AUA_UUU_AA_UGU,UGAUGCUGUAGGGC,_CUA_GAUA_UUU_,GAAAUUUCAUAGAU,_UU_GGG_UGUCUA,UCAUAGAUCUCGUC,G_UGUCUAG__CAG
CCGUCUGCCUCCUG,GGC___CGGGG___,UUCUCUCCGUCUGC,__GAGAGGC___CG,CCGCGGGGCCCGGA,____CUCCG_GCCU,GGCCCGGAGAGCUG,CCG_GCCUCUC__C
UCAGAGAAAACAAA,G_UCUCU_UUG___,AUUGUCUCAGAGAA,_AACAGG_UCUCU_,AGUUACUCUCUCGG,_CAA__AGAGA_UC,UCUCUCGGACAAGC,AGAGA_UCUGUU_G
CUGGGCGAGGCGGC,G_____CUC_GC_G,GCGGCUCUGGGCGA,_GC_GAG_____CU,GCGGGGCCUGGGCU,_GC__CGG______,CCUGGGCUCCCGGA,GG______GGGC__
GUGGGGUGCGGACC,CA_CCCG_GCC___,GAAGGCGUGGGGUG,CU_CCGCA_CCCG_,CGGCCCGACCUCGC,GCUGGG_UG___CG,GACCUCGCCGUCCC,_UG___CGG_AGGG
AGCCGGGCUUCGGC,_CGG_CCG____CG,GCUCGGAGCCGGGC,CGGGCC_CGG_CCG,UCGGCCGGGCCCCG,___CGG_CCG_GGC,GGGCCCCGGGCCCU,_CCG_GGCUCGGG_
CUCCCGCAAACUGU,GAGG__GU____CG,AACCUCCUCCCGCA,__GGAGGAGG__GU,CCUCUGAAGGAGGA,G___AC__CCUCCU,AAGGAGGAGGAGGU,__CCUCCUCC_CCA
